"","Cam_gay","Cam_gua","Cam_hae","Cam_leu","Cam_mag","Cam_mel","Cam_pol","Cam_rob","Cam_rub","Cel_cas","Cel_ele","Cel_flave","Cel_flavu","Cel_gra","Cel_lug","Cel_spe","Cel_tor","Chrysoc_luc","Chrysop_men","Col_aura","Col_auru","Col_mel","Col_pun","Col_rub","Dend_hyp","Dend_leu","Dend_maj","Dend_nog","Dend_syr","Dendroc_med","Dendrop_fus","Dendrop_nam","Dendrop_pyr","Dendrop_xan","Din_raf","Dry_jav","Dry_lin","Dry_mar","Dry_pil","Dry_sch","Dryob_min","Dryob_nut","Dryob_pub","Dryob_sca","Gec_gra","Leuco_albo","Leuco_ari","Leuco_bor","Leuco_fum","Leuco_vil","Mei_tri","Mei_tuk","Mel_aur","Mel_cac","Mel_car","Mel_ery","Mel_fla","Mel_for","Mel_hof","Mel_lew","Mel_puc","Mel_pyg","Mel_rad","Mel_sup","Mel_uro","Mic_bra","Pico_arc","Pico_dor","Pico_tri","Picum_aur","Picum_cir","Picum_exi","Picum_inn","Picum_neb","Picum_ruf","Picum_tem","Picus_awo","Picus_can","Picus_vai","Picus_vir","Sas_abn","Sas_och","Sph_nuc","Sph_rub","Sph_thy","Sph_var","Ven_aff","Ven_cal","Ven_cas","Ven_nig","Ven_pas","Ven_spi"
"Cam_gay",NA,15.5837393351882,4.61469053360925,9.82437934673918,10.5548174301719,20.2945591328105,9.77195945825363,9.65972500526522,9.32210315280626,8.89836032442811,9.23337462124774,19.9117890914291,6.04146448875627,5.96978735001697,8.29427394172515,5.19568067315725,6.32329835085179,39.7488191086303,5.81694254876255,8.25200397143471,6.19140554432806,6.22175757776809,7.16498592247584,5.49403903541757,-1.97629076999029,12.9583357513285,17.0867660284236,6.22539471907835,15.7307763869795,5.01368695117621,8.7078794901741,38.6207822435929,3.69202510861563,14.6523276575617,5.19515173380918,18.6431684199853,17.6497445345768,13.2932567209437,18.4975071883969,6.32588887423178,9.67914256627949,10.4475702745024,16.1741801211521,14.7096940248604,9.5626112364208,5.94885209527911,8.9957719362194,7.8314629660758,11.03764895707,9.65678592478367,7.85706327315027,8.76930914706671,6.21344582233084,21.5114461112037,7.51771855150165,7.21673192635596,8.58728788274784,5.72900863450865,13.1665656988342,15.0092946086446,6.09348986510597,5.20073005753727,10.3202256326059,8.34678428663296,8.78391580289242,25.3596826579273,16.447782033976,21.2928350572819,14.510715195164,8.17808641194337,9.45483448666389,5.54354928855211,31.3880575703608,17.6915608228407,26.8840016540635,10.7156252829623,7.61765589612258,8.95567134415047,7.48570047096515,5.75884840304,8.33623214012269,38.3837906141291,32.8761203555858,32.9484585652591,50.9398538334268,37.2883430122207,16.2947976701906,7.2583015062765,5.75869260251228,7.1910720373551,7.71083315318739,11.0065498927514
"Cam_gua",NA,NA,2.52131923343676,14.6171874908844,1.1936835928188,35.4029238199169,11.2920146610932,14.9583994745585,9.03324346098016,16.7511596959227,16.9165864287753,27.6304636007419,13.7639319207085,13.6886187231124,16.0129807487834,12.9143506270596,14.0170461798587,47.4674890401055,13.5356005728102,15.9680519921543,13.9083188992116,13.941247988668,14.8731972478956,13.2127077222514,18.6622388416702,20.6823126189587,25.1657272459756,13.8979404903188,23.4519054796992,13.3608569711745,16.4269243616794,46.3384449283753,27.4008515506189,22.3737215812729,12.9794653121906,26.4017124556942,25.4161667588992,21.0127589325344,26.2221451894313,14.049759081937,17.3942635523768,18.165694725104,23.8195650958338,22.4283644959525,17.2812828982117,13.6671957849871,16.7118569256345,15.5501187886257,18.7563142300171,17.3729630255369,15.575657196452,16.486440327642,13.8805919044892,29.4012694027991,15.3034859130568,14.9411759871278,16.3347127433651,13.886030580329,20.884342201124,22.7280417261936,13.8125502688037,12.8868297371046,17.9168130233759,15.483227518487,16.4877774215096,33.0783398502498,24.1635667293186,28.6085657581587,22.0143188052435,15.8973036337315,17.1735320816774,13.2622192196388,39.1067274997227,25.4102307538867,34.6026717886885,18.4342952140113,15.3375874210867,16.6742211270035,15.2047598568039,13.4777435121252,16.0465881658526,46.1024728425179,40.5947902866318,40.6671272750282,58.6585266814467,45.0070129432666,24.0134676026228,14.9769720713898,13.4773743432134,14.9097645866152,15.4295039174028,18.7252255003655
"Cam_hae",NA,NA,NA,5.15146699641796,-1.68177960301099,25.4009652315669,-8.18121991783455,5.80486534538046,1.50270824247679,7.74252814152867,7.95280897668927,18.6617117299154,4.7864443307697,4.71951087434319,7.04404767750159,3.94559894274966,5.06402140356759,38.4987373380181,4.56495688133611,7.00052493243628,4.93914166374312,4.97035826470589,5.89844705538098,4.2439452712883,7.23587420095896,11.7106049661452,15.9491950328674,4.80215674917171,14.4809552283526,2.99768985782151,7.45815688045799,37.3704333163787,18.1000605124718,13.4011705560828,3.95230287710504,17.4343066537864,16.4398157916549,12.0432616264608,17.2431858030354,5.05363123724055,8.42587959360097,9.19630512703362,14.8925902110829,13.459612134994,8.31252043908293,4.69551243008785,7.74446782404475,6.58024679407272,9.78754408593478,8.40616687893217,6.6068972546824,7.51870763238363,4.79107570830473,20.3276592740644,6.25564400964365,5.94188668562443,7.2718276946041,4.58830651748012,11.9158790689447,13.7592037253926,4.84245615970548,3.94470496873918,9.05064564355595,6.36864517500577,7.52209426433813,24.1096132831904,15.196755736764,19.8298645428507,13.125476918385,6.92855773677534,8.20478036791792,4.29346753950012,30.1379758206902,16.441479073748,25.6339201135345,9.46554353387269,6.36334086016418,7.70253247119988,6.23561531086185,4.50866188400123,7.07373348688442,37.1337210452997,31.6260386064931,31.6983764195267,49.6897750013073,36.038261263128,15.0447159140854,6.00821398115756,4.50859950388723,5.94096339621206,6.4607499689145,9.7564666755041
"Cam_leu",NA,NA,NA,NA,5.43535794827895,31.7069587408392,13.3108849430841,0.0682027714378891,-0.0937550145546945,12.8275791977049,12.9554781755424,24.002086698181,10.1069318617058,10.0592974745202,12.3839720006487,9.28601626756558,10.2463921678115,43.8391547339908,9.90547117969108,12.3130000132354,10.2600339438797,10.3088088319631,11.1664942237249,9.58364053495885,14.4827487597604,17.049391599365,20.3809926662225,10.074397157532,19.8185870899467,7.53337926849312,12.78946823762,42.7111478629015,23.0221396155525,18.7377968940888,9.31985800953961,22.7825549952222,21.761569357976,17.3817210832945,22.5804831770799,10.3813688427117,13.7496407055047,14.5347504724136,20.2176409827804,18.7999762482958,13.6529478120601,10.0362982122319,13.0128660000667,11.916132005367,15.1276701124893,13.7462793298754,11.9473148745001,12.8581806701045,10.240782989254,25.7712222557419,11.1599904657359,11.251182873786,12.5597634697453,10.0606209361558,17.2564533844196,19.0994136539223,10.1807264084931,9.22325424736158,14.1720951962584,11.5463614913444,12.8676371747088,29.4500482034562,20.5336265956019,25.0693974441641,18.4644949246209,12.2690125913662,13.5451977836227,9.63388491652043,35.4783931982871,21.7818964507683,30.9743374928938,14.805960910893,11.6998690248962,13.030354514245,11.5749456296172,9.84933488871353,12.4265757603973,42.4741386289775,36.9664559835134,37.0387941873433,55.0301923783245,41.3786786401483,20.3851332676313,11.3486291400761,9.84858016276458,11.281317158724,11.8010266309826,15.0968103458544
"Cam_mag",NA,NA,NA,NA,NA,31.2934504184533,7.95907584497386,4.59383837364579,0.176612456716256,12.4853170416509,12.5392252246197,23.4141251712347,9.54520638743944,9.47212143066049,11.796591125641,8.69801478722721,9.73528049112945,43.2511532023489,9.31902703026285,11.7423068207676,9.68429078269229,9.72355439355422,10.6167008833433,8.99627709829271,14.5856007267521,16.4658088558714,20.8957999642823,9.57713372905885,19.2355432382156,8.94708253334761,12.2096757913773,42.122901848733,23.193583785202,18.1573998312872,8.74845218731428,22.1994801126557,21.1986651170908,16.7961852835403,22.0062403229669,9.81213979143793,13.1673486181857,13.9479138929549,19.571191276129,18.2120261893152,13.0649469130527,9.44973436049684,12.479202424601,11.3323761129059,14.5399033674746,13.1559484671472,11.3592639179027,12.268717801382,9.64971483409586,25.1562538416124,10.8733611899007,10.7181328060389,12.0860441048108,9.50581555682335,16.6676249164827,18.5116858628257,9.59552576537003,8.60943157662011,13.5288009693321,10.7890724574395,12.2598715114816,28.8620178635454,19.9452592825304,24.4374868467284,17.8058692031254,11.6809778649612,12.9571962391955,9.04588338193077,34.8903916633057,21.1938949161787,30.3863359497623,14.2179593763033,11.1195708085233,12.453318955743,10.9879566762001,9.26137647267078,11.83563624652,41.886136891412,36.3784544489237,36.4507924230281,54.4421908437381,40.7906771055586,19.7971317643485,10.7606358865494,9.26101418926017,10.6934252669679,11.213158932432,14.5088873382856
"Cam_mel",NA,NA,NA,NA,NA,NA,16.2648206124222,32.021248089743,31.0854930179948,26.7562993509283,27.0225598085323,37.6256400974141,23.7592785407048,23.6838264326228,26.008159804952,22.9095269048586,24.0497146702363,57.4626653092761,23.5307868509487,25.9663283722537,23.9057806451176,23.9371229952351,24.8906222474324,23.2079038440331,17.1973104902796,30.6744707118927,34.9829893962309,24.0088592289146,33.4206027013196,21.9322765543796,26.4222244965968,56.3333013752952,21.6179082697796,32.3549816489976,22.976123666337,36.2421828726631,35.4010088066331,31.0079332773989,36.1805993972045,24.0519994895435,27.3933501938765,28.161455350662,33.8869572583366,32.4235409848781,27.2764582987355,23.6625697851126,26.7100736463974,25.5455857853612,28.7515018018857,27.3706511081067,25.5707532511108,26.483334625401,23.9198609492543,39.4353112591808,25.4688008046795,24.9365677207855,26.3373385289719,19.4429340421436,30.8793251579715,32.7231738385535,23.8079076085494,22.9158257463282,28.0427492390897,25.9377178546661,26.4966905926965,43.0716952934048,34.1615562676937,38.4406558854035,32.0635406749822,25.8925208185351,27.1687063273859,23.2573954973469,49.1019037454215,35.4054070315951,44.5978480752377,28.4294714917198,25.3330322803043,26.6711285242669,25.2000607146224,23.4729098221851,26.0491488330943,56.0976459120238,50.5899665643402,50.6623047754926,68.6537029560869,55.0021892209751,34.0086438802546,24.97214828451,23.472551205651,24.9049400337417,25.424681124917,28.7204014879185
"Cam_pol",NA,NA,NA,NA,NA,NA,NA,13.2686229351639,10.4699856012417,10.9763640113635,11.2430889263018,21.8471062830991,7.98107556867651,7.90528928467746,10.2296300571027,7.1309930630617,8.28292089388791,41.6841314759697,7.75234582811478,10.1877883838827,8.12721565883638,8.15864365790721,9.11087502986007,7.42937073968684,11.3612435691445,14.8990267224571,19.4145171341442,8.2665859739672,17.6685623069614,7.59119296485325,10.6437023877173,40.5559262286259,21.363123935193,16.5904287029449,7.20733747860122,20.6335482656579,19.6336915587244,15.2295145218626,20.4421123278539,8.27577067269141,11.6143319351194,12.3828805805415,18.1072446934805,16.645007142103,11.4979253493074,7.88418498361468,10.9315063820186,9.76702297733714,12.9729670052075,11.5921041333443,9.79239930914424,10.7048151470647,8.16029505486519,23.6358071479274,9.67448789537717,9.15916937065861,10.5590933115127,8.14300672622324,15.101846680361,16.9446869714251,8.02932513647536,7.13757048841277,12.2664443847451,10.3278220340873,10.7181351104753,27.2950315924388,18.3831590835255,23.3020807083083,16.4457687297151,10.1139920733553,11.3901745249797,7.4788616554964,33.3233699369984,19.6268731897443,28.8193142336634,12.6509376498689,9.55425084448109,10.8925936860513,9.42150781384407,7.69439654513731,10.2498960114492,40.3191154230626,34.8114327224894,34.8837707212869,52.8751691173045,39.2236553791242,18.2301100384851,9.19361451988926,7.69401850288487,9.12640712923407,9.64614740892852,12.9418680558993
"Cam_rob",NA,NA,NA,NA,NA,NA,NA,NA,-1.28080959630371,12.564757780805,12.6287479019207,24.0874914489394,10.1976363569244,10.143407613233,12.4687566881262,9.37145166518284,10.2773067202531,43.9245902274478,9.99128015289906,12.3338670442018,10.3086760495388,10.3912966451233,11.1388939425586,9.66846474877451,14.9154396222986,17.1362283975302,20.3855673536844,10.1462569475281,19.9014544301134,7.97585022823929,12.8639465840839,42.7965897164493,23.1471904754991,18.8194430829446,9.44380507161346,22.8803686884866,21.8590329417675,17.4687634019852,22.6723934069823,10.3630808641256,13.8136383016465,14.6169600828778,20.2889462806109,18.8853683519147,13.7383828969123,10.1189027292805,12.8481394155058,12.0000170007449,15.2120726192896,13.8304289246218,12.0327675041947,12.9407900117054,10.3227260387559,25.8682048978728,11.1816419656906,11.3500771593387,12.5258490366217,10.0590340842503,17.3418360651678,19.1849308801713,10.2614193413236,9.10988241735201,13.6806168957173,11.5216136425616,12.9499211840077,29.5354839140737,20.6188349281383,25.3457658890108,18.58428894242,12.3544482873119,13.6306332797534,9.71932040925825,35.5638286910436,21.8673319435061,31.0597729838338,14.8913964036308,11.7708351025794,13.097896220771,11.6569725820313,9.9347316269503,12.5120681668479,42.5595740838806,37.0518914762512,37.12422968581,55.1156278710639,41.4641141328861,20.4705686346716,11.4340522818282,9.93304705553277,11.3667045043902,11.8863897315075,15.1821412910425
"Cam_rub",NA,NA,NA,NA,NA,NA,NA,NA,NA,12.0720862266948,12.0559629456278,23.1943709955309,9.31568688484748,9.25168222233309,11.5765019624312,8.4782774777814,9.43248547211762,43.0314159227874,9.09868484701064,11.4985846593285,9.44797816918222,9.50122987415387,10.3357119602332,8.77616044471502,14.444242524717,16.2451575241512,20.3718573100918,9.2820611452796,19.0146398435567,8.06199821945249,11.9851788242648,41.9033867660382,22.7984182333186,17.9362230713049,8.53055779116992,21.9824927310416,20.9729111156995,16.5757953811017,21.7822251698099,9.55185073044538,12.9371510527972,13.7263820940825,19.3758479336769,17.992269138168,12.8452091813104,9.22824561363116,12.194339727264,11.1098997882045,14.3198672279034,12.9371742932226,11.1395443734903,12.0485481097995,9.4336215579672,24.94775753504,10.4174056391847,10.4762085142316,11.7657576743807,9.22200438106661,16.4483148613556,18.2918635681183,9.37313131851799,8.33450877080253,13.1269923408611,10.4889454330728,12.0509202428964,28.6422994988347,19.7248175025933,24.2979828897208,17.641107222295,11.4612647562569,12.7374589674509,8.82614610303733,34.6706543847718,20.9741576372852,30.1665986755038,13.9982220974099,10.8922997692651,12.2225687726563,10.7669478573764,9.0415896941747,11.6185063446957,41.6663997142841,36.1587171700303,36.2310553576507,54.2224535648434,40.5709398266652,19.5773944629067,10.5408941166372,9.04104688839876,10.4736366986882,10.9933652913541,14.2891086525299
"Cel_cas",NA,NA,NA,NA,NA,NA,NA,NA,NA,NA,-0.900188268250874,17.9090296521576,0.408948222114915,2.19879725784823,3.45024758790105,3.80193211452988,3.90657421146103,38.4045187472864,3.3193752135667,2.73359139298485,1.57562551623442,2.81227705756799,2.68454708664857,3.42311067266602,10.4795927757089,11.2783603664579,14.3887389668999,4.07248758948277,12.9496356792406,2.89619921238354,2.39424349545767,37.2848607167263,18.3895791418949,13.2869493881162,3.80460083657288,17.3718160243605,15.6673277632871,11.6673804700622,17.1337199699406,0.646162553634492,7.6225444414303,8.77204642332836,14.8045734229635,13.0208456974994,8.11603672715564,4.2961127383394,2.97480997762881,5.75007738869157,8.69962944192348,7.89057234352509,6.51320130556194,6.75304376601087,3.71075014525552,20.3976955217845,4.75696544270261,2.7126363776478,-0.877445763886243,4.46144961917242,11.8289699951441,13.394605203139,1.60562443279295,3.09278452477976,7.77788098982324,6.71947993165517,7.41408965099237,24.0228625817893,15.0661990090418,20.0609981307744,13.1574517683447,6.84270903635612,8.11889895406438,4.20758611600492,30.0520943977112,16.3555976502532,25.5480381026395,9.37966211037785,2.19792050404328,4.27973774205726,4.2615183058125,4.11610001509367,7.00039968558626,37.0478389775909,31.5401571829983,31.6124953945225,49.603893553462,35.9523798396332,14.8932353304057,5.3399690613618,2.25277081664835,4.20089852848404,5.59819691492658,7.96727411161198
"Cel_ele",NA,NA,NA,NA,NA,NA,NA,NA,NA,NA,NA,18.5852900014767,0.612990399322713,2.66272191024468,4.91894435366731,4.08246058840789,2.8252554420245,38.66133629303,2.34601314469696,2.73119119685032,1.7503439470897,1.88963201195577,1.92682679313143,3.33349708566527,10.7484879218695,11.0214334216274,14.611570770157,3.48625205029523,13.1545116486951,2.59051296764524,5.94626358328826,37.5527333831077,18.6580556350406,13.3897585956637,3.93228227554697,17.6130897668693,14.1658375308308,11.2358733368019,17.1061701888421,-0.168582573331908,7.64444791311922,8.78122146674681,14.9533117611834,13.4273098845921,8.34148174260463,4.28373095599925,6.2848259887939,6.30761496642877,9.59825043622102,8.09650221202472,6.74948420298972,6.53090036278242,3.34181836894775,20.6657255171684,4.11772779075067,3.13725481000743,0.423499402036217,4.38003676988954,12.0818973842966,13.6499031967725,2.75285719093624,3.40455097344398,8.30096894186292,6.17044105405322,7.51145309196372,24.2869028867179,15.1656284603401,20.2696649883437,13.1803801481968,7.11057494229835,8.38677415208154,4.47546131069242,30.3199695847167,16.6234728449408,25.8159132026964,9.6475373050655,3.43965197291522,2.61942911862917,4.01504032540015,4.28647490766751,7.26827364810678,37.3157145661746,31.8080323776859,31.880370589164,49.8717687625096,36.2202550343208,15.2048806303878,5.74911182502477,4.1462946026863,5.23672011499192,6.12310482404328,9.40544370366432
"Cel_flave",NA,NA,NA,NA,NA,NA,NA,NA,NA,NA,NA,NA,14.3444759323017,12.5980849500231,9.21069945432388,13.4601012598478,15.8490932079828,43.8726138204558,15.0321826471041,14.673476946536,14.8827818623987,14.9561621750131,16.4055341138947,14.1477872430942,21.3503949031419,22.4027529379773,26.9709443093536,15.8507700388645,25.0257655988996,15.4654242024316,15.775708409652,48.1534216464276,29.2591998992551,24.1816849262459,14.4879473651069,28.2418525236229,27.0815167123579,21.8030361799978,28.0405135993824,15.6399630661486,19.1371173123457,19.8297323440544,25.7067416002925,23.3814942921685,18.9532839742056,15.4052491157622,17.5169356050125,17.0147800062372,19.7521875012253,18.8059470295462,17.3886699525865,18.1507506112343,15.6111137281192,31.2670863008819,17.1214317169125,14.9581673476044,17.5507736232351,15.9565133091289,22.6989823326924,23.9961515548299,14.3259074066851,14.693958925086,19.8630963196168,18.1198429748709,18.3082525027591,34.8923169546162,25.9776067995024,30.9364486515406,24.0613962882942,17.7112799294199,18.9874597943478,15.0761469199207,40.9206552017129,27.2241584541686,36.4165994980859,20.2482229142932,16.2742572205057,16.8812307395043,16.7089123035896,11.7578646560443,17.8689608941652,47.9164006554558,42.4087179869136,42.4810561984387,60.4724543817165,46.8209406435485,17.795831666495,13.1650398071322,12.1322285200539,13.4030469877003,13.6912942195631,14.7116059392642
"Cel_flavu",NA,NA,NA,NA,NA,NA,NA,NA,NA,NA,NA,NA,NA,-1.56697202756376,0.750770547493156,0.386177942502532,0.87930331028755,35.0457076755764,0.10712098741751,0.586996615634646,-0.656463789114257,-0.479141434879216,0.98652659340896,0.354584139166886,7.48228983612346,6.10853110849568,10.4316636946384,1.36389227425708,9.02444019453355,-0.144358521787916,2.34555818500506,34.2874299123891,15.3926727340222,9.05381231628884,-0.27488455755531,14.3364707110267,11.7491749921066,8.05633571808573,13.86869589047,-1.35828251791179,4.85439743609645,5.41012465913837,11.7923952092087,9.08580428020992,3.24634238714056,0.883999737212028,3.19121396184745,2.33000870651878,5.60981793778232,4.53062655704549,3.43735047784986,2.8754556763483,-0.0334034121818497,17.4009697065093,2.59761432887501,-0.915245761349793,-0.917834140192157,1.82580100008621,8.82396715426179,9.31890286526428,-0.453325143235682,0.743164709179835,5.9362062061359,3.77970478919032,4.30249617276912,21.0227221593563,11.8760495817225,16.9987631704467,10.0001568663495,3.84526857467931,5.1214701118238,1.21015746786384,27.0546657430449,13.3581690021152,22.5506089666042,6.38223346223978,0.522136349245476,2.05297895841952,1.24167769667938,-1.53062310850962,4.00296982608756,34.0503855989289,28.5427285348603,28.6150667463768,46.6064649090521,32.9549511914951,11.5985025741592,-0.112640903090879,-0.676096291490564,0.0853930444054634,1.35612056355383,5.48693471109034
"Cel_gra",NA,NA,NA,NA,NA,NA,NA,NA,NA,NA,NA,NA,NA,NA,-1.98753365327812,-1.25719884212369,1.5147874016728,34.9599777836004,-0.0842941703652982,-1.11714562812357,-2.78670671802422,-1.65785168351244,-0.492961738399654,-0.559461189456723,7.40858440320994,8.37377943398715,12.9763450640041,1.84763156540588,10.837244538682,1.39136163238596,1.61921399662819,34.2116098213326,15.3173881963273,10.2297831033604,0.276214314599016,14.2989206910717,13.1085574441857,8.66448341390103,14.0869998735688,0.290007546903824,4.27009797860553,4.89494438299758,11.7412519715318,8.81007178887318,3.86350325017806,1.05347994807229,2.6780805704886,3.09617487613497,3.82130610490536,2.57491597455894,3.40066767165223,1.61313583649405,1.05348272082786,17.3254474394099,2.25205407296777,1.22103487648944,2.34694797076085,1.94854669509938,8.75512147464213,10.3240270960738,-2.37491252893101,0.628797857954894,5.8660540781681,4.12688330081795,4.29829176040901,20.9493398023106,11.9222173161454,16.9940861373545,10.1075493978175,3.76946773727874,5.04564802638218,1.13433515268066,26.9788434329762,13.2823466869286,22.4747875645528,6.30641114705324,-1.79214406185554,0.79985529598645,-1.68377729118873,0.156106295027388,3.927149112248,33.9745888620568,28.4669062196737,28.5392444311987,46.5306426140559,32.8791288763085,10.0860328515751,-1.22505353971181,-0.909818406431569,-0.787096074069322,-0.04555415466398,2.52131766443906
"Cel_lug",NA,NA,NA,NA,NA,NA,NA,NA,NA,NA,NA,NA,NA,NA,NA,1.51873080977566,4.06382889874741,36.4247191310363,2.31549297991186,0.321088545792688,1.28248654372827,2.46158928775723,3.75053410654774,2.5463071935558,9.73291847882532,10.4491714235264,15.1879600888783,4.22465726556795,11.9050720277757,3.79585583374669,2.98450230612603,36.5359458654181,17.6417236833,12.5347898661949,2.93321313387158,16.622200811993,15.2508785631056,10.8682585155918,16.4174786208575,3.3971258626,7.43261132909338,8.1014271874368,14.0873590623556,11.1669717581459,6.97869386595829,3.74647833587629,5.72647097507699,5.54577312276546,6.64247259192718,6.65920508709956,5.76784924816169,6.00196305910885,3.21096316795012,19.6498117029872,5.12958307727085,2.37653699788496,4.92262305765022,4.32336777725808,11.0814539246996,12.3294996716592,0.884599739470087,3.09930745095931,8.23904113159371,6.48924644117645,6.68626104251808,23.274750832398,14.3403846749905,19.3187849743679,12.4413462482459,6.09380413931665,7.36998401397949,3.45867113958587,29.3031794213695,15.6066826738337,24.7991237103609,8.6307471339584,2.43467116555122,3.75572458465068,3.87977601704522,2.15209298217634,6.25148511326717,36.2989249184454,30.7912422065788,30.8635804181038,48.8549786009213,35.2034648632137,11.7007613893472,0.229899253268917,-0.458242567833095,-0.805548193343151,1.10434832436799,3.49934241817141
"Cel_spe",NA,NA,NA,NA,NA,NA,NA,NA,NA,NA,NA,NA,NA,NA,NA,NA,1.16323848180718,34.3061891165776,0.419023948917345,1.72883339311963,-0.0145063803447516,0.597690944464237,1.82519798582774,0.025503546543447,6.6342832875713,7.77042751726146,12.3019368845384,1.17260954508557,10.5442714788736,0.766366831594165,-8.91613631060932,33.4373084262306,14.5430868725146,9.47130470458815,0.0943951946916723,13.5263291298394,12.5124245731173,8.07029737749147,13.324608025131,1.07423031221662,4.48019715963,5.1925645214316,10.9914811564604,7.3013858129099,4.04021635408535,0.751205887794784,3.51991534192318,2.64118653517839,4.2516817195976,4.11606055694283,2.67255745020511,3.19381458429065,1.04378907819773,16.5511820265048,2.5894851303275,1.94897771881054,3.39676918286482,1.24359012083224,7.98306324201583,9.8232133913731,-0.0300503740335233,0.0190509870051248,5.14802662083698,3.40851960437563,3.60079754448133,20.1762081509306,11.2585763301062,16.2203400011467,9.34541467959333,2.99516670909357,4.27134657413679,0.36003369972334,26.2045419815156,12.5080452339712,21.7004862779204,5.53210969409587,1.95540372613933,3.26301173492809,1.63838763218248,0.0133421414643282,3.15284767396952,33.2002874652346,27.6926047667163,27.764942601016,45.7563411615209,32.1048274233512,6.13531442989296,-2.35157444549076,-1.64567443717105,-0.82754604022,-2.54488123323736,1.10212458666896
"Cel_tor",NA,NA,NA,NA,NA,NA,NA,NA,NA,NA,NA,NA,NA,NA,NA,NA,NA,35.6411407229364,-0.611194790050158,3.52234169714326,1.25503850696697,-0.175333929512765,1.05405708221911,1.23733078350188,7.78419928182085,7.42086344044576,13.1287213010142,0.858526773827133,11.6196540881473,-0.175580431582297,4.6360163050332,34.5886071402961,15.6947570562012,10.0471950842972,0.753719695477573,13.5309720253236,9.48209935255284,3.76712844989936,9.94511573457439,-0.87181474439067,5.41453517151825,6.13483745679716,12.0543046115185,10.6569478489835,5.2764907754386,1.53541922820395,4.73680935006027,3.72329847547151,6.91783608743899,5.42179271095989,3.24523567585677,4.01821031523332,-0.247599815875363,17.6803736806885,1.37919975910879,2.08668790840166,2.65930415980141,1.96853847605368,8.9278459998253,0.0938071970272465,1.41432924590206,1.05217808916422,6.04442846338937,2.38841745307434,4.49913612210843,20.3713479658286,11.7685858793074,17.1393009158382,9.87675287973015,2.52746689773913,5.42371597572049,1.51240853235204,27.3568151642265,13.6604200785756,16.1357571752188,6.6844845386964,2.64728224416268,3.41966232391933,2.85623960404356,1.32192570640095,4.30349361566201,34.3526177085303,28.8449796113206,28.9173178227116,46.9086987092805,33.2572022679555,12.2622534062153,3.15190241574238,1.68461400063502,3.05695202052031,3.65441564972759,6.96412678495406
"Chrysoc_luc",NA,NA,NA,NA,NA,NA,NA,NA,NA,NA,NA,NA,NA,NA,NA,NA,NA,NA,32.4831621119855,36.9658313228006,32.4652251568967,34.1534726054277,36.5035004845577,33.4150132891491,41.1874216957808,40.5530968652204,46.8523105397521,35.7252078019948,44.9606049366558,35.3194169009719,38.0099854784062,67.9904468383114,49.096225284345,43.8713689006396,28.1711766724944,48.0466474157108,45.5342779984279,37.6028785631979,47.8704488661783,35.4117211767445,39.0477571671265,39.801090206618,45.5446414703052,43.8069006147089,36.5270184933623,35.2922678157267,38.3537437847357,37.2004748567113,40.3836185016791,38.9759675528672,37.1552372278073,37.8112647355867,35.5935411195796,51.104307935971,37.1372010716252,36.4796474331558,37.9780294563778,35.7967190690461,42.536064879853,44.2307569032036,35.398540729727,34.5722896365384,39.7011741399885,37.9616594088069,38.1532820834786,54.7293188605583,45.6800245744167,50.7733502353723,43.8981993606894,37.5483051218577,38.8244849870348,34.9131721126103,60.757680392769,47.0611836468582,56.2536246903119,40.0852481069828,36.8681697910759,37.8129095131445,36.6901428722487,32.9660950956616,37.7059860868368,67.7534258921714,62.2457431796032,62.3180813911283,80.3094795743642,66.6579658362381,45.442989577779,34.6921956677664,34.8549043784394,36.2201063369848,36.8798775015547,40.3495099196809
"Chrysop_men",NA,NA,NA,NA,NA,NA,NA,NA,NA,NA,NA,NA,NA,NA,NA,NA,NA,NA,NA,0.34849823779891,-0.144577157468227,-1.79580659813525,0.587838455051184,-1.77220865181506,7.25560638819548,5.70568447100105,12.7035099096481,0.970909683858163,11.0452155321131,0.65209629287092,4.08081190403838,34.0585731730542,15.1644377186063,8.87886803005691,-1.15685192147684,13.6089654529564,10.6190796037303,-0.906803117286371,11.553341838298,-1.83688890028219,4.75572444231856,5.20337771315122,11.3655060668655,10.0953715678249,0.729248648677344,0.0513768195438863,4.32001302411422,3.16831491629052,6.38510034605993,4.80888721440463,0.39477834787823,1.65609689306043,-0.247143593555444,17.1719675183303,2.31425168762033,1.37234123337301,2.86855167830696,1.73980929388879,8.42400066366228,9.86573178007311,0.506512385053426,0.57828432414864,5.75078604476335,3.43567452262763,3.5961056864804,20.7361587804642,7.34489260605582,16.6752745672572,9.08243297164132,3.61652110898354,4.89270863785073,0.981395769580473,26.8258809579088,13.1294073038297,22.3218467973296,6.15347176395439,1.46846572778662,-1.07925049936217,1.22662037113626,-0.138095636891888,3.77420360834396,33.821649229597,28.3139668365748,28.3863050480808,46.3777032303869,32.7261894932097,11.7209318843151,2.21361704628422,1.12063460153457,2.27735580985526,2.96165022959218,6.33883663349305
"Col_aura",NA,NA,NA,NA,NA,NA,NA,NA,NA,NA,NA,NA,NA,NA,NA,NA,NA,NA,NA,NA,0.238154988095765,0.555798714532962,2.33234039399881,1.71684260837289,9.69107976413015,10.4550680028545,15.0404664113692,4.08249663799471,13.023487796668,3.55344028741633,5.3487366160688,36.4941176535702,17.5998913183309,12.4743123162051,2.59018199535032,16.575959110557,15.0641328383862,10.2938462650542,16.3296312946538,1.93170254760195,6.86030397658628,7.49257312044077,14.0177108197002,11.6996795564191,6.53009143668028,3.28635167494906,5.63717942314231,5.39098310523249,7.41180078938534,6.18105664222577,5.67409593033359,4.44111393133997,3.19703127382304,19.6079690445229,4.27301106607858,2.49866454636922,3.73067343520733,4.18904809337508,11.036314570952,12.6127940721599,1.12313913637103,2.94311466926705,8.15235371650251,6.35972886689593,6.58071423459482,23.2320241303098,14.1227937878734,19.2752725035589,12.3842493391665,6.05197587948029,7.32815592694405,3.41684305274351,29.2613513318711,15.5648545869914,24.7572955984929,8.58891904711605,1.20272304334124,0.597985085164277,1.61150069122683,2.53087287031653,6.20965701339795,36.2570968176613,30.7494141197365,30.8217523312614,48.8131505144436,35.1616367763713,13.0372113213363,1.65939261975633,2.09116495897619,2.28252894441483,3.40752069540224,7.1401702572303
"Col_auru",NA,NA,NA,NA,NA,NA,NA,NA,NA,NA,NA,NA,NA,NA,NA,NA,NA,NA,NA,NA,NA,-1.29170821258325,-1.09118165289544,-1.23042051528455,7.63054445349279,8.34130988873991,13.0145930687823,1.81421506448541,11.1832613576864,1.08556876109377,3.70461018411651,34.4335707999739,15.5393526068052,10.3736357962027,0.0982802620043517,14.5174518339213,13.2756878926033,8.57448147196009,14.2809147431249,-0.0917160270804461,2.82682179065938,3.77909484067695,11.7865431096861,8.18963353339201,1.87958339771399,0.433945487705008,1.792102382178,2.46549470744299,4.22374760441782,1.8632249137424,3.39052041420159,1.05128161426928,1.0774194304167,17.5470259625766,1.5837324070855,0.919480100996969,0.983161273763291,1.95783796194008,8.95567443070654,10.2837422707802,-2.13339810078469,0.396207054979916,6.04805329874496,4.0575780162202,4.15559290431183,21.1661358234277,11.6308973247114,17.2097918069007,10.2623139011066,3.99142966197456,5.26761413634795,1.3563012684875,27.2008094671902,13.5043128027357,22.6967531683937,6.52837726286035,-2.40292984789775,1.34411084774463,-0.989646908484111,-0.214697374021279,4.14911406580264,34.196553761531,28.6888723354808,28.7612105470032,46.7526087302294,33.1010949921156,11.7991106217637,0.786484373655598,0.517555926973251,0.834328579216746,2.023532353208,6.0800120931323
"Col_mel",NA,NA,NA,NA,NA,NA,NA,NA,NA,NA,NA,NA,NA,NA,NA,NA,NA,NA,NA,NA,NA,NA,-1.63805034930795,-1.90098738197755,7.66196681776819,8.14117532834173,13.1823654518027,1.72960390970534,11.4209700361986,0.789586344786283,4.21256503365255,34.4649646900651,15.5707852066824,10.3402170760536,0.0318494088810838,14.4052568922271,12.8716515036726,7.56204789833317,13.7021008132192,-3.29859642385047,4.45618389053122,5.45984831143354,11.8843813068276,10.0100608137991,1.01092238703652,1.0486594782223,4.23925181533798,3.41438274367481,6.24488502999693,4.45889575905201,2.61493967405596,-1.05382468775975,0.654522798460931,17.5782589470426,1.47143538922819,1.88437744711836,1.92132429083585,2.0221208059725,8.95464397452966,10.4571439218675,-0.884550863339221,0.619068389295433,5.92370434202798,3.78853167903797,4.30725262650356,21.1320160741793,11.32237245824,17.207456561913,10.0940771887395,4.02276080271342,5.29904812216786,1.38773537075754,27.2322395186245,13.5357469050521,22.7281718882702,6.55981136517661,0.350841146040735,-0.88813871577878,-3.08344226009487,-0.76137402515204,4.18054419399615,34.2279853224654,28.7203064377972,28.7926446491941,46.784042819827,33.132529094432,11.9897006275157,0.531158484838858,1.23639608268611,2.06329732200216,2.86083456174754,6.66021198229197
"Col_pun",NA,NA,NA,NA,NA,NA,NA,NA,NA,NA,NA,NA,NA,NA,NA,NA,NA,NA,NA,NA,NA,NA,NA,0.304996006537779,8.61585145843586,9.37955060249119,13.8934891886628,1.80982516294645,12.3989045166186,-0.0888850487249968,4.72834026111478,35.4188117676692,16.5248326601725,11.3276714432632,1.11362635717337,15.4397801965301,14.176821791247,9.55568095344552,14.9315960602252,-1.85898304164987,3.26481573837331,4.47113376471707,11.9239654905874,10.9836588857852,5.24158716566813,0.028834235858711,4.40925464742808,3.59443931920503,6.80945780547454,4.71201115157886,3.90931257190364,1.43564990849213,0.221262173811887,18.5289508065729,0.163397233101366,2.42087171120371,1.40810057135881,1.92569648654603,9.56499506493117,11.4792546020274,-0.646270490225704,-0.566563604778436,5.91215557652774,2.82462704332275,4.04786699246358,22.0609051544282,11.8192124757039,18.1038876205423,10.6339316783236,4.97669945253036,6.25311240964962,2.34179973579009,28.1863044879924,14.4898112700575,23.6822397448632,7.51387573018204,0.0058491490602202,1.87809768858921,-0.0298633911822273,0.605875225383629,5.13455086097052,35.1820400469261,29.6743708028026,29.7467090132499,47.7381071968743,34.0865934594375,12.939104900575,3.19927962064421,2.02330657131806,3.00043876999893,3.58132762792126,7.29218163046894
"Col_rub",NA,NA,NA,NA,NA,NA,NA,NA,NA,NA,NA,NA,NA,NA,NA,NA,NA,NA,NA,NA,NA,NA,NA,NA,6.93266082798098,7.69922397564853,12.5832333807823,1.37352730503352,10.8047093683735,0.963604781802099,3.68021912005902,33.7356747062839,14.8414646394477,9.69048768973337,-0.70862497382868,13.8083828645537,12.690654301415,7.70000477802021,13.5694438781677,0.109046844247505,3.96858491236409,4.49689111562583,11.2387612786817,8.85553626701605,0.587808027581719,0.704844674040445,2.91222724654619,-2.68341952312702,5.45324152825275,3.0669469049534,1.30918319658901,0.15580628761562,1.04817439698352,16.1528779869485,2.48714419125575,1.6022129201439,2.97678720240186,1.52567545805746,8.14040141169616,4.72665072726862,-0.487292692817962,0.19960421830577,4.88924990256436,3.66188307593889,3.64520549418482,20.252903863078,10.8294062140918,16.5174505500416,9.60940859681549,3.29301213087267,4.5697241633064,0.658411552144082,26.502905318203,12.8064230871288,15.7486754301129,5.83048754725311,1.0996991460042,1.80670053184457,-1.46333573339601,-0.26324346655922,3.45120022203,33.2722529823011,27.9909826198739,28.0633208313989,46.0547189686887,32.4032052765088,10.8501152281805,0.722601749978727,0.563480260404852,1.69689296152144,2.34065279646625,6.00038504338316
"Dend_hyp",NA,NA,NA,NA,NA,NA,NA,NA,NA,NA,NA,NA,NA,NA,NA,NA,NA,NA,NA,NA,NA,NA,NA,NA,NA,14.3778148811692,17.2089307903277,7.59538174442303,17.0645209829083,-0.282901263130782,10.1469800847974,40.0588451976695,-24.2396407047229,16.0002972761512,6.59876523270904,20.0091376638299,18.909895336111,14.7322851461725,19.9118784946794,7.77861164666883,11.1180929227025,11.8862133089853,17.6010618791901,16.1482972723987,11.0012151288695,7.38690324274151,10.4348297401156,9.27024912497548,12.4762581989639,11.09540776643,9.29560139881366,10.2081140687403,7.65446570419349,23.1388950562334,9.18188314683308,8.65714555280814,10.0628604060447,3.04235605833257,14.6049028120425,16.4478601928934,7.53266613207427,6.64117995579848,11.7698170698467,9.66010088506191,10.2223509915321,26.7981536704907,17.8864074495593,21.606135002596,15.7116242107977,9.6172475138007,10.8934450015295,6.9821518800364,32.8266601610728,19.1301634142882,28.3226044482368,12.1542278744125,9.05780720839323,10.3959480788888,8.9248248399526,7.19767699124647,9.77482162391711,39.8221788194803,34.3147229470333,34.3870611585227,52.378458902565,38.7269456036681,17.7334002630328,8.69690472516942,7.19730813943023,8.62968960540347,9.14943733774447,12.4451581878517
"Dend_leu",NA,NA,NA,NA,NA,NA,NA,NA,NA,NA,NA,NA,NA,NA,NA,NA,NA,NA,NA,NA,NA,NA,NA,NA,NA,NA,17.36219576344,8.38555110459244,10.9859223681679,7.93712466193613,11.1738776850134,41.2051426651652,22.3003099154828,-0.299755840926519,4.82782586875535,19.9102997634554,10.224183892002,11.5298597746084,19.1094539892152,4.63617171404225,12.1669800100117,12.548134534075,18.7043906719695,17.2038276143033,10.6397748077009,6.7537584269848,11.4660755339519,10.2279535767101,13.6009571198152,12.1222882684251,7.95709187446139,10.819574973147,6.78861389850733,24.3166124960363,10.1579865541398,7.6172743975232,9.9893838850776,8.92346182898602,15.6917118332305,16.2311108480155,8.44828123309433,7.75302587822872,12.9127396928762,10.7842133456508,11.1343169968416,27.9312545835061,17.5746652911586,23.4226972949864,16.6793886310711,10.763186640663,12.0393875668787,8.12807530680175,33.9725831827124,20.2760868410614,29.4685267213723,13.300151301186,9.82816162107587,11.0068222359024,9.90183014491582,7.37331400625725,10.9208562093097,40.9681581472655,35.4606463738064,35.5329845853258,53.5243826963478,39.8728690304413,18.8770955437884,9.62976288634971,8.08730068814366,9.50870856163575,10.2152037719292,13.5632691703238
"Dend_maj",NA,NA,NA,NA,NA,NA,NA,NA,NA,NA,NA,NA,NA,NA,NA,NA,NA,NA,NA,NA,NA,NA,NA,NA,NA,NA,NA,11.8149242741985,10.4644307457256,6.61083525962333,15.5543298434945,45.7273120025591,25.6193799859962,16.7986296561451,11.5555849701874,25.7441251843282,21.6663975172002,20.0762230169064,25.3005093375582,12.1498300834888,16.6310425986353,17.3819611537338,23.123631601708,21.7963775438088,16.6548282679442,12.5541001978283,15.8413369634591,14.3315746521744,18.1193521786947,16.7243995971542,14.9518992178015,15.8234887126984,11.4125913850817,28.8319844490952,13.9858798694347,10.1840852785615,12.2023744347415,12.7355113916937,20.265999357776,21.7175070563983,12.9724939770119,12.2532768548596,17.4284371938557,14.3220083169069,15.7619966165659,32.4659996804319,23.52233557595,28.2553856726991,21.31409724721,15.2852218891248,16.5614129538234,12.6501007671555,38.4946090484286,24.7981123014036,33.9905533061399,17.8221767615282,14.3807005989108,15.8576927124139,14.5581764674667,12.7874676327989,15.4428916033214,45.4902670941753,39.9826718341487,40.0550100456509,58.0464082194737,44.3948944907835,23.4009301596003,14.3350066651322,12.7360353415645,14.076305732109,14.7617696965401,18.0635239973733
"Dend_nog",NA,NA,NA,NA,NA,NA,NA,NA,NA,NA,NA,NA,NA,NA,NA,NA,NA,NA,NA,NA,NA,NA,NA,NA,NA,NA,NA,NA,11.6089117235064,-2.54705593747202,4.66410101822448,34.4465129434816,15.6558748039688,9.6592755272831,-4.09618768616435,14.3733333451532,13.493260771762,9.09897237836697,13.9021729036742,1.23494054548117,3.71086371742415,3.82856629925158,8.47294258267195,10.5060009277341,5.43196984837483,-3.21306107541962,4.4897321859631,-2.7174074702671,6.94439030715765,4.63808363489732,2.69640222851203,4.41065908092821,-2.18118150451622,17.3875293260968,0.132679487287785,1.53574885997841,3.28088150849309,-4.18641543199642,6.87757209011585,10.4721518640481,1.7033285200747,-0.121485605236823,5.62969569318513,-4.02605589096071,0.687188663998332,21.0096747999834,11.0207200716501,14.661715604139,5.84641616283459,4.13008546967974,5.43197266985363,1.52081977693266,27.3652825046301,13.668831315799,22.8610614353217,6.69289577572453,3.29290048678703,4.44133214929088,3.31520416930917,1.01227675310385,4.0318158223245,34.3496419425076,28.8533908485441,28.9257289228726,46.9171272395573,33.265613505179,12.2719782701949,3.22276478365711,1.71792092846794,3.14934279420094,3.6588318660641,6.98176018576299
"Dend_syr",NA,NA,NA,NA,NA,NA,NA,NA,NA,NA,NA,NA,NA,NA,NA,NA,NA,NA,NA,NA,NA,NA,NA,NA,NA,NA,NA,NA,NA,11.0947573138949,12.3345845508277,43.9748801678525,25.0227830653049,6.30658569306206,9.85851424033285,24.0093222460195,18.8303172466168,18.3918081358957,23.8245181332739,10.8962730574477,15.000271078454,15.7012249798697,21.5227542602844,19.9298214802259,14.7707756802026,10.7030980782289,13.9375945086629,12.8650431555236,16.2166913829655,14.9590584042594,13.200301618149,14.080475244275,10.8381277423625,27.08867023233,13.0850400696494,9.56673991176275,12.3955118393811,11.7639025257693,18.5204416844968,19.5290886114751,10.8818886339717,10.5535156961159,15.6854389118332,13.8969070358241,14.1286533038249,30.7137465608825,21.7863060588573,26.7407215535139,19.8744789658887,13.5327386454878,14.8089186349962,10.8976057878324,36.7421140696196,23.0456173220803,32.2380583617516,16.0696817822049,12.5132633555962,14.1100564641919,12.7720406880155,10.9222020882793,13.6904196355682,43.7378389340825,38.2301768548254,38.3025150663504,56.2939132372153,42.6423995114602,21.6162356937626,12.2133648248778,9.468556758192,10.9404437513756,12.5366697782679,15.6077367368833
"Dendroc_med",NA,NA,NA,NA,NA,NA,NA,NA,NA,NA,NA,NA,NA,NA,NA,NA,NA,NA,NA,NA,NA,NA,NA,NA,NA,NA,NA,NA,NA,NA,4.20606067585285,34.1829325700375,11.9571498311278,9.57446784145523,-1.40228804274064,13.9703079194992,12.3694478415646,8.46996384857679,13.329636804503,-0.19552628427732,4.32830906709124,5.48445336412554,10.6277346454749,10.2736760372997,5.09006577775118,0.900926248538756,4.42287521632495,2.81984013331663,6.59340954866291,5.05457748920682,3.2683147363125,3.50495976814215,-1.73383100485655,16.9683928947842,-1.95856020280011,0.319574608907362,1.45089817797243,-1.2827992936713,8.52146090970014,10.3277133547981,1.3051069825099,0.235522912886856,5.54259484630255,-1.64602043261212,3.19379166569306,20.9135550167119,11.5592442314716,16.1588360443912,8.65755007207762,3.74836238725483,5.02562782037475,1.11432000499885,26.9588278548192,13.262331539266,22.4547672784043,6.28639599939033,2.58565147138452,3.8158198446037,2.50770429134446,1.0902271652769,3.89471146401742,33.9544525832526,28.4468910720111,28.5192292738815,46.5106274618935,32.859113728646,11.8655476356782,2.82349930890831,1.31797139333706,2.7340903979592,3.26111357494875,6.57233688210914
"Dendrop_fus",NA,NA,NA,NA,NA,NA,NA,NA,NA,NA,NA,NA,NA,NA,NA,NA,NA,NA,NA,NA,NA,NA,NA,NA,NA,NA,NA,NA,NA,NA,NA,36.9500180768699,18.055792818466,12.979140267391,3.56789718578766,17.0389679915426,15.9989647667703,11.6162253354423,16.837051257006,4.27565259042603,7.94533313197828,8.71584182768385,14.5038058368437,10.7947079272127,7.54861634950731,4.25417621882689,5.45832291488063,5.72403806405078,6.46216262197889,7.66638322931518,6.1861606614149,6.9912161889487,3.98586244630104,20.0638836762117,5.92561474838532,4.32071921007091,5.13270814684106,4.74729340430167,11.4957645966443,13.135596139952,0.758005066509656,3.52029658156342,8.65560644884973,6.9012321124565,7.11129630281372,23.6889130077162,14.7762312269807,19.7330237989751,12.8575773747081,6.50787634321519,7.78405622425569,3.87274335038459,29.7172516321769,16.0207548846325,25.2131959211719,9.04481934475713,4.49335244956277,6.89173046495387,5.51095488086853,3.88304195760701,6.66555732432948,36.7129970370291,31.2053144173776,31.2776526289026,49.2690508083526,35.6175370740124,11.4467112127628,1.69680692059961,-4.93594943130134,-1.22409061584,-1.78228099570818,-1.41105689348789
"Dendrop_nam",NA,NA,NA,NA,NA,NA,NA,NA,NA,NA,NA,NA,NA,NA,NA,NA,NA,NA,NA,NA,NA,NA,NA,NA,NA,NA,NA,NA,NA,NA,NA,NA,47.9681660998919,42.8954204403473,33.5167511291249,44.4403893240463,45.9400815556699,41.5358120254063,46.7387360557689,34.582595740598,37.9195192429441,38.688855313421,43.9372127539736,42.9513225073599,37.8041809062578,34.1755667821781,37.2378567906942,36.0733126536397,39.2792833465846,37.898355448446,35.9012930680183,37.0107117051213,34.4543190333378,49.8434446590451,36.0094895819607,35.4656847977851,36.8680981797662,34.4474281248927,38.1859655617862,43.2510021489114,34.3356942028149,33.4179252284368,38.4633381625649,36.7541495951957,36.8329260366921,52.4303081130425,44.5719803708291,48.8634330372676,41.7580612632236,36.4155048887126,37.6964886084884,33.7851769495826,29.0877416563202,45.9331885528913,55.1256293598386,38.9572530126888,35.8608361416454,37.1989803579633,35.7278348498487,34.0005392291955,35.3242728263487,66.6224897034177,61.1177480856363,54.9652472813351,79.1814844804515,65.5299707422712,44.5364254016454,35.4999298910318,34.0003339097035,35.4327226293239,35.9524627768642,39.2481834484749
"Dendrop_pyr",NA,NA,NA,NA,NA,NA,NA,NA,NA,NA,NA,NA,NA,NA,NA,NA,NA,NA,NA,NA,NA,NA,NA,NA,NA,NA,NA,NA,NA,NA,NA,NA,NA,23.9595332988732,14.6128806543164,28.0253598607164,26.8831043719802,22.6414815118577,27.8467919379128,15.6882824229793,19.0269447045298,19.7950234761625,25.5205702268497,24.0571009342723,18.9100190536542,15.2962450228424,18.3436347675126,17.1791380701797,20.3850617915737,19.0042114977016,17.2044852827613,18.1169219143444,15.5791507156274,31.0778033302636,17.1203434935667,16.5697076571638,17.9729195297487,15.2929047429673,22.5139863091517,24.3567600105366,15.4414722441792,14.5501792202272,19.6789560237355,17.917353223005,18.1320563785696,34.7071265876705,25.7952574205416,30.5745535678311,23.8622000937985,17.5260775519558,18.8022579306573,14.8909554650338,40.7354637467786,27.0389669992824,36.2314080426612,20.0630314594069,16.9666149344146,18.3047606566886,16.8336292488191,15.1064862335309,17.6837597164693,47.7310596107904,42.2235265320275,42.2958647433232,60.2872627596683,46.6357491886624,25.6422038480347,16.6057083293685,15.1061121957044,16.5384992380551,17.0582411669543,20.3539618653572
"Dendrop_xan",NA,NA,NA,NA,NA,NA,NA,NA,NA,NA,NA,NA,NA,NA,NA,NA,NA,NA,NA,NA,NA,NA,NA,NA,NA,NA,NA,NA,NA,NA,NA,NA,NA,NA,6.96239905729015,21.8239041190195,13.5129899942141,15.6871351845377,21.0166114349223,8.75177128091273,13.8869338878651,14.5134142919276,20.2333386777935,18.9812610158787,13.5604273302865,8.3077826130592,13.2507013722133,12.0545796774586,15.3124885670946,13.9120656766348,9.0000290705303,12.8713534572065,8.69641279845197,26.0096127822546,11.933345579527,10.6164440112842,12.4975045729558,10.6026924553125,17.344520355614,19.0101318408486,10.3353252182757,9.44909879520518,14.6044986695389,12.347381169021,12.8819971968303,29.6282871897033,19.0571473500466,23.331883666858,17.9588257410986,12.4546163218024,13.7308058673508,9.81949375185168,35.6640006178682,21.9675052861019,31.1599462430447,14.9915697462265,11.8364419625657,13.1357027783703,11.7346330501457,9.76479872500691,12.6122557597062,42.6592543201481,37.152064818847,37.2244030303145,55.215801205258,41.5642874754818,20.5707207091814,11.5239080829894,9.99311143682826,11.44326946532,11.9808044982427,15.2816616140482
"Din_raf",NA,NA,NA,NA,NA,NA,NA,NA,NA,NA,NA,NA,NA,NA,NA,NA,NA,NA,NA,NA,NA,NA,NA,NA,NA,NA,NA,NA,NA,NA,NA,NA,NA,NA,NA,13.5673061968249,12.4213207946181,7.50808913740699,13.23051725321,-0.457431649018585,3.46945935911152,2.81229087714288,9.85483787534705,9.05599582868418,1.14425933944275,-6.16845040165403,3.2708688593253,-2.70697080086461,5.79349709340013,3.63078837572216,1.52712405482698,1.94831430581106,-0.454640913696932,13.3069392568985,1.77864566761111,0.13768064895559,2.1060729646291,-6.37735693077332,6.93335395097642,8.36581150669781,0.0357083369230125,-1.75451404429626,5.08476331369406,0.817495379258027,0.279481699832151,19.8886894795002,9.64084314664145,15.9403687817936,8.72486757611882,3.08490472141568,4.36270099684726,0.451404853894235,26.2959023025615,12.5994163893692,21.7916922960054,5.62348084947302,1.97088826588549,3.09979150788483,1.5035910012817,-1.53909939081029,3.22790387219851,33.2675339531315,27.7839759221143,27.8563141335951,45.847712311817,32.1961985787492,11.1880795325366,1.57282652113992,0.411110814426364,1.87267752431138,2.48353165620292,5.90140100101205
"Dry_jav",NA,NA,NA,NA,NA,NA,NA,NA,NA,NA,NA,NA,NA,NA,NA,NA,NA,NA,NA,NA,NA,NA,NA,NA,NA,NA,NA,NA,NA,NA,NA,NA,NA,NA,NA,NA,22.2800585948566,19.5948873876979,9.31913079945243,14.5232795821934,18.0082615865714,18.7769208863395,24.481645679723,23.0403278258064,17.8626058248679,14.2593758512079,17.3268221567855,16.1622773668156,19.3682954825474,17.9870446168585,13.9837901652872,16.9739588621166,14.3271044741015,30.065252674756,16.0403874999438,15.5291926388991,16.9410800631457,14.6716771225074,21.3627755961126,23.3333011952668,14.4237189655917,13.5290161723125,18.5508685417919,13.5415788299812,17.087458949002,32.6971807439257,23.7076369617556,18.0566454395775,17.429927876794,16.5078730427891,17.7855095450738,13.8741980587868,39.7085346531337,26.0222095937076,35.2146483365068,19.0462740538322,15.9484214631661,17.2406437029004,15.794266422683,14.0760560637239,16.6647996219385,46.7144498229663,41.2067691264527,41.2789782149638,59.2705055035599,45.6189917830876,24.6254455160421,15.5884461204165,14.0892424833715,15.5213903610626,16.0414358643172,19.3371937938261
"Dry_lin",NA,NA,NA,NA,NA,NA,NA,NA,NA,NA,NA,NA,NA,NA,NA,NA,NA,NA,NA,NA,NA,NA,NA,NA,NA,NA,NA,NA,NA,NA,NA,NA,NA,NA,NA,NA,NA,9.0681193262814,19.7693231373786,10.4540569114824,16.9911171179358,17.7397015730909,23.4889151723135,22.0226378923958,16.6371308908531,13.2023625745019,16.3054322303248,15.1418063695342,18.3531955029748,16.9689883694128,14.7632089119222,15.8624848514976,11.2401719986628,29.053933675339,14.9123726395274,13.3736979696999,15.092147632645,13.7015410894098,20.4789061946192,21.5532114326886,13.3220692650392,12.5184753161153,17.6485525486303,15.5671208155594,16.0856291769099,32.6762820744461,23.3050996549885,28.0423554549116,21.212880289179,15.4979487738275,16.774132258147,12.8628194267134,38.7073276401603,25.0108309609619,34.2032719278292,18.0348954210865,14.7537123627216,15.3104701978459,14.6529243073002,12.926823742253,15.6556324014743,45.7030715603278,40.195390493707,40.2677287051966,58.2591267100371,44.6076131503418,23.6126939675966,14.4824774364789,13.0560811462625,14.3601116803433,15.0044027552603,18.3113508230091
"Dry_mar",NA,NA,NA,NA,NA,NA,NA,NA,NA,NA,NA,NA,NA,NA,NA,NA,NA,NA,NA,NA,NA,NA,NA,NA,NA,NA,NA,NA,NA,NA,NA,NA,NA,NA,NA,NA,NA,NA,15.4488268158541,6.2234614866538,12.5614938981648,13.2437170965743,19.0726154046234,17.6133134355248,10.5533279266286,8.55171058190934,11.8999708946006,10.7383697897568,13.9463225967881,12.5228004488504,9.04708327553193,10.4347717506651,8.07772845252495,24.6496551202288,10.4327241743545,9.27162021357066,11.0480952705905,9.30878708643288,16.0362741941134,17.3149186825577,8.87906945100703,8.10732711706249,13.2419253621777,11.2538151930865,11.6192901301107,28.2584689230496,16.3048296146206,24.1528535988333,16.9709540815288,11.0936903549249,12.3698716972927,8.45855882520321,34.3030601459477,20.6065703594514,29.79901122821,13.6306348195761,10.1555859650828,9.55869268424211,9.92333881391257,7.98302866703879,11.2513721045575,41.2988125212037,35.7911298921965,35.8634681037071,53.8548662828067,40.2033525488314,19.2065668868292,9.93439228223868,8.66244513896903,10.0324137068074,10.5958013952691,13.9127061693515
"Dry_pil",NA,NA,NA,NA,NA,NA,NA,NA,NA,NA,NA,NA,NA,NA,NA,NA,NA,NA,NA,NA,NA,NA,NA,NA,NA,NA,NA,NA,NA,NA,NA,NA,NA,NA,NA,NA,NA,NA,NA,13.1947055346234,17.796397870431,18.5576665031423,24.2489554617756,22.8386288249837,17.6092359765701,13.9338633162738,17.1247158015013,15.9580627152394,19.1665726254632,17.7838840840962,13.8639183714164,16.6876833793344,13.1657325870377,29.8634950431663,15.5397373720968,15.2488715495269,16.5913359713206,14.4332755942811,21.111010122705,23.1088800774748,14.2074179519983,13.3193591998606,18.4214785211881,13.5733777864017,16.828728093937,33.3493200178136,22.4293068162285,22.6364135077662,16.1194373501545,16.3073403305211,17.5838641960833,13.6725518755611,39.5160752044607,25.8205634098878,35.0130024855934,18.8446278700124,15.7263256313686,16.7068251147048,15.5540917380263,13.8148880265931,16.4650531161851,46.5128014155375,41.0051229426329,41.0774601557592,59.0688593201611,45.4173455992677,24.4237998501843,15.3856353434435,13.8876313367327,15.3190382258718,15.8391523753171,19.1354988565222
"Dry_sch",NA,NA,NA,NA,NA,NA,NA,NA,NA,NA,NA,NA,NA,NA,NA,NA,NA,NA,NA,NA,NA,NA,NA,NA,NA,NA,NA,NA,NA,NA,NA,NA,NA,NA,NA,NA,NA,NA,NA,NA,4.6952004466415,5.63299294459004,11.9042832421256,10.517145846087,4.06410536396156,0.481825399584649,4.52472817350171,3.28701147499567,6.79894124708208,5.22477415749997,2.77057497307229,1.51675893281078,0.33493334596655,17.6951817900951,0.732115381502246,0.997506563772141,0.137847379643983,1.67608765114006,9.03695920695882,10.383591786908,0.0255991443660883,0.579576065977994,5.84302858672041,3.4810020200102,4.33702880381266,21.2437915831104,10.4425913002735,17.1855260833593,9.93060901855551,4.14003831617901,5.41682167083587,1.50551026365848,27.3500154983697,13.6535217980381,22.8459411401499,6.67758625816205,1.28389243963429,0.619261636509505,-0.130255077525857,-0.00802050338805198,4.29826900153307,34.345732471111,28.8380813307831,28.910419538989,46.9018176660206,33.250303987418,12.2510403893865,2.76386120007413,1.58523855872523,2.77680260131295,3.27270340693965,6.85114979434726
"Dryob_min",NA,NA,NA,NA,NA,NA,NA,NA,NA,NA,NA,NA,NA,NA,NA,NA,NA,NA,NA,NA,NA,NA,NA,NA,NA,NA,NA,NA,NA,NA,NA,NA,NA,NA,NA,NA,NA,NA,NA,NA,NA,0.821916210510849,9.62849001082375,13.2682997796788,8.58276550286115,0.0523599282647353,6.04144115270479,-0.819620193517204,9.04201483030292,3.9370145179436,6.61755491446806,5.95360825039302,4.06288000517691,20.870295958273,3.35640959757917,5.2553070078565,6.60796368061807,4.91505065922988,10.9168640672734,14.0475346759364,3.11002905296249,0.58161793320165,9.37975575178725,6.94227940929873,2.56136863582996,24.631990847926,14.7057238636705,20.6619188552867,13.1939368574825,7.47873741856496,8.75521023138874,4.8438977215996,30.6883637431756,16.9919092558712,26.1843410494488,10.0159737159934,3.82825109453169,7.40963613750959,5.04767430794513,2.80740059241488,7.63479316288428,37.6835184833116,32.1764687886163,32.2488069984807,50.2402051834306,36.5886914452511,15.5909302842348,6.43494154853392,4.96341493793629,6.18299752319521,6.88328068408174,10.2826246687582
"Dryob_nut",NA,NA,NA,NA,NA,NA,NA,NA,NA,NA,NA,NA,NA,NA,NA,NA,NA,NA,NA,NA,NA,NA,NA,NA,NA,NA,NA,NA,NA,NA,NA,NA,NA,NA,NA,NA,NA,NA,NA,NA,NA,NA,13.3392892161309,12.2190084035503,9.0643251621314,-0.434847190871612,5.5073139703025,0.569985398816311,9.40047569804971,1.86577497535256,7.45197769697855,6.64620454057912,5.04780404311776,21.7830559985615,5.90759017449018,5.36323088611509,7.47427696079571,6.04892101783684,12.6435796793401,14.5082784131522,3.64578907851235,2.12827598267949,10.3298819306224,8.18081272606752,4.85079347569672,25.4111791369992,15.2355339114193,21.4460060024299,14.2009542004718,8.24707562581971,9.52328437601322,5.61197154800143,31.4564776180687,17.759983082251,26.9524222898272,10.7840475423756,5.03377662262367,8.20182244213045,6.05353193412406,2.81322454909278,8.40448516290035,38.4521573689801,32.9445426149961,33.0168808264721,51.008279009811,37.356765271631,16.3385192363633,6.89749080891463,5.53382442119488,6.58573123794183,7.5125536077345,11.0413745362775
"Dryob_pub",NA,NA,NA,NA,NA,NA,NA,NA,NA,NA,NA,NA,NA,NA,NA,NA,NA,NA,NA,NA,NA,NA,NA,NA,NA,NA,NA,NA,NA,NA,NA,NA,NA,NA,NA,NA,NA,NA,NA,NA,NA,NA,NA,20.4970643818107,15.3226681026735,8.15221016916322,14.7135795170906,12.4960144432309,16.8164534908152,13.8165538961049,12.5980273292596,14.1021469541863,6.82867067775668,26.9186748399314,8.01504669409684,12.8192375644177,14.2184533590734,8.80407379178016,4.79599361346229,20.7807308975917,11.721524102607,7.7424395161164,13.8398646281512,11.4310082919563,-1.80744455141998,30.8712184103377,19.7851531641549,26.4311714221684,17.3458037019333,13.9695598787128,15.2507090275719,11.3393997308198,37.1809644698688,23.4874112654631,32.679820730003,16.5114757255691,13.2218603760727,14.6419987677433,13.1779339804829,11.135433460015,12.3907299252533,44.1779379519083,38.6719707982082,38.7443078359409,56.7357071930232,43.0841934548431,22.0906457790591,13.053311741429,11.5540756996252,12.9838431109976,13.5048123055202,16.8023613783134
"Dryob_sca",NA,NA,NA,NA,NA,NA,NA,NA,NA,NA,NA,NA,NA,NA,NA,NA,NA,NA,NA,NA,NA,NA,NA,NA,NA,NA,NA,NA,NA,NA,NA,NA,NA,NA,NA,NA,NA,NA,NA,NA,NA,NA,NA,NA,13.3818027243864,9.94165567709651,5.08459042094719,10.0127210998724,7.57748095518122,7.67652293470863,12.1834387352344,12.5535486769496,10.4848263537288,26.0646607825185,12.057583368826,10.7007876708997,12.487164581416,10.7558737542328,17.4964516763957,19.2205476724826,7.98306009273052,9.50133048335398,14.6618790342529,12.9201699829201,13.0773600386352,29.6902078900256,20.7604590058889,25.7343439489926,18.8505972725216,12.5091807894351,13.7853606561256,9.87404778170967,35.7185560634945,22.0220593159575,31.2145003571057,15.0461237760822,10.377579141118,13.0569966097436,11.2347373123736,9.37914893013648,12.6668617547897,42.7143014969622,37.2066188487026,37.2789570602276,55.2703552435177,41.6188415053375,14.5533878391445,1.11521376263302,3.16326119260489,7.53892658358762,9.33957751222042,14.3296169073097
"Gec_gra",NA,NA,NA,NA,NA,NA,NA,NA,NA,NA,NA,NA,NA,NA,NA,NA,NA,NA,NA,NA,NA,NA,NA,NA,NA,NA,NA,NA,NA,NA,NA,NA,NA,NA,NA,NA,NA,NA,NA,NA,NA,NA,NA,NA,NA,4.17065891840631,7.93381546547707,6.87293218041283,9.9254890664821,7.51919796160467,-0.247465472569974,0.537563898555447,5.26081556424955,20.8938025885588,6.82785243771658,5.7503191111385,7.5247540544558,5.60402386437703,12.1209014767408,13.9422918481472,4.3147032239912,4.28707635141004,9.44000829246557,7.76472918368183,7.7948647945834,24.4581851739402,10.0221423517164,20.5788069559581,13.6470751030867,7.3618234292338,8.63827724814021,4.72696599779833,30.5714280827176,16.8749775381665,26.0673087746409,9.89904199826491,6.23198916835651,6.92798996560196,2.09993851776815,-3.69995879137479,7.51977354005883,37.566908126881,32.0595370709116,32.1318752824078,50.1232734166116,36.4717597275465,15.4273625487032,4.77692574061185,4.52450928024138,5.9258740679156,6.61002339637646,10.1444196316668
"Leuco_albo",NA,NA,NA,NA,NA,NA,NA,NA,NA,NA,NA,NA,NA,NA,NA,NA,NA,NA,NA,NA,NA,NA,NA,NA,NA,NA,NA,NA,NA,NA,NA,NA,NA,NA,NA,NA,NA,NA,NA,NA,NA,NA,NA,NA,NA,NA,3.33351608758576,-2.36496119446797,6.29957143607575,2.76231002921742,-2.37940055644232,2.66121470929825,-0.0741412225229344,17.1198071339651,1.36137540673394,0.644523301711543,2.70700551988818,1.10596496715252,6.55313986024187,9.65063386576259,-0.124243830573096,-2.32207733530969,5.74983283018918,2.89273187340131,-1.21005853397448,20.6868908606855,3.72508685723221,16.6371419455897,8.7713971286228,3.74737556072108,5.02458426488795,1.1132763043684,26.9574600645241,13.2612878388772,22.4537064097379,6.28535229899112,1.61288675730303,3.60694569961183,2.09090119133409,-1.68936160118484,3.89833144084183,33.9493500397267,28.4458473716223,28.5181855750005,46.5095837664076,32.8580700282572,11.863533990072,2.7600768977328,1.18202827592754,2.63929935262395,3.18053920639751,6.5687010039214
"Leuco_ari",NA,NA,NA,NA,NA,NA,NA,NA,NA,NA,NA,NA,NA,NA,NA,NA,NA,NA,NA,NA,NA,NA,NA,NA,NA,NA,NA,NA,NA,NA,NA,NA,NA,NA,NA,NA,NA,NA,NA,NA,NA,NA,NA,NA,NA,NA,NA,0.347069142788015,2.21717843301397,1.04916891263837,6.46810449459885,6.90195487772148,4.41641161302442,20.3511578597222,5.90716832653809,2.90451558444627,4.9318961032358,4.90904878839388,11.7779275117351,13.0477871954695,0.544346000292417,3.34985301860583,8.91663811062504,7.12961121644025,7.24916726380275,23.9765596994105,15.0244634255123,20.0203978454505,13.1051829429879,6.79571473427963,8.07189506654172,4.16058219422994,30.0050904759476,16.3085937284778,25.5010346969939,9.33265818860249,1.00172606956647,7.06493484610342,5.30387119733239,3.63353283380477,6.95339561578499,37.0008323181792,31.4931532612229,31.5654914727479,49.5568896560365,35.9053759178578,14.5203906465756,3.55622551330101,1.32954670340684,3.2694217453011,5.08852833503586,8.29147505305452
"Leuco_bor",NA,NA,NA,NA,NA,NA,NA,NA,NA,NA,NA,NA,NA,NA,NA,NA,NA,NA,NA,NA,NA,NA,NA,NA,NA,NA,NA,NA,NA,NA,NA,NA,NA,NA,NA,NA,NA,NA,NA,NA,NA,NA,NA,NA,NA,NA,NA,NA,7.19057795200774,1.18023558583387,5.28308046582596,5.92973113800431,2.19772559953671,19.0637856573997,3.18300282644885,-0.137300168615508,3.69564093796562,3.31119065976615,10.4863344159921,11.5290882860163,2.18496898592936,0.343800114440987,7.76359347405684,5.45305324510044,4.47924337385752,22.8070458226144,13.7963153282377,18.8496566254951,11.8094314085685,5.63117451062993,6.90741547147583,2.99610358306663,28.8406118614529,15.1441151173225,24.3365524348106,8.16817957744211,3.40639346980863,6.21736757348101,4.73267961793002,1.87451698399211,5.78818237565761,35.8339140269742,30.3286746500676,30.4010128615921,48.3924110448767,34.7408973067025,13.7417317512163,4.41367893468525,2.46724183611158,4.20130834347076,4.99691125266559,8.35820214147886
"Leuco_fum",NA,NA,NA,NA,NA,NA,NA,NA,NA,NA,NA,NA,NA,NA,NA,NA,NA,NA,NA,NA,NA,NA,NA,NA,NA,NA,NA,NA,NA,NA,NA,NA,NA,NA,NA,NA,NA,NA,NA,NA,NA,NA,NA,NA,NA,NA,NA,NA,NA,4.19636559360564,8.51109241802671,8.79942191122079,6.61052404035015,22.3931002783707,8.26543730482438,7.02618910678027,8.72271585758435,7.06846492910261,13.8243699356517,15.5566617872349,1.36741794318281,5.7500428500932,10.9825830018765,9.24266480150278,9.39921231228326,26.0181600668541,17.0852813895052,22.0622972734928,15.1788401099205,8.83714162062656,10.1133214957622,6.2020086213658,32.0465169031542,18.3500201556137,27.5424611934969,11.3740846157383,4.73525461729864,9.20397237292114,6.99154543386212,5.90533267650224,8.99482259371809,39.0422623375189,33.5345796883588,33.6069178998838,51.5983160831736,37.9468023449936,12.9548680610822,3.1318699116927,1.34734235970535,2.6839985141042,4.61823199578493,7.95054418811963
"Leuco_vil",NA,NA,NA,NA,NA,NA,NA,NA,NA,NA,NA,NA,NA,NA,NA,NA,NA,NA,NA,NA,NA,NA,NA,NA,NA,NA,NA,NA,NA,NA,NA,NA,NA,NA,NA,NA,NA,NA,NA,NA,NA,NA,NA,NA,NA,NA,NA,NA,NA,NA,6.95757735909641,5.83028809538427,5.12355776265843,21.0038520929864,6.12829048770535,5.31122419567213,7.22981966663405,5.5643834980636,12.1085894398957,13.9482914815695,1.86594546989391,3.09856548380518,9.43109734136486,7.56575310533708,6.28618357724849,24.627957659986,15.3821059820576,20.6779487250072,13.5876175972224,7.45628809312301,8.73247122266028,4.82115835356973,30.6656647221841,16.9691698878179,26.161610323236,9.99323434794255,3.15830678006202,7.49808916890622,4.36371284468145,2.50423812774684,7.61396716485982,37.6614001118543,32.153729420563,32.2260676320875,50.2174658153778,36.5659520771979,15.2629141162842,4.55791354723043,3.98595354683748,4.34440136087583,6.22608167931995,9.98704145951621
"Mei_tri",NA,NA,NA,NA,NA,NA,NA,NA,NA,NA,NA,NA,NA,NA,NA,NA,NA,NA,NA,NA,NA,NA,NA,NA,NA,NA,NA,NA,NA,NA,NA,NA,NA,NA,NA,NA,NA,NA,NA,NA,NA,NA,NA,NA,NA,NA,NA,NA,NA,NA,NA,0.990268772194824,2.56563200522004,19.1834694733997,4.56076317410757,4.59091403009821,6.03322655282914,3.83711141786917,4.2117644134915,12.4638800237127,3.44068753809003,1.97437762467364,6.97148946990565,5.50041840766966,4.58727384592807,19.954719595236,-4.74305459793446,17.5693118813114,8.29877281181052,5.62968922088629,6.93266539321444,3.02144052445781,28.7038142956943,15.1694525148107,24.3613269202374,8.19351697373323,5.03879680914477,6.15085822487903,3.99820835362639,1.01222247760138,5.80860726590025,35.8521203958819,30.3540120475558,30.4263445904962,48.4177484320094,34.7662347041907,13.7726669595089,4.7264883290062,3.23596651015155,4.66747713130875,5.18733386159331,8.48442359914016
"Mei_tuk",NA,NA,NA,NA,NA,NA,NA,NA,NA,NA,NA,NA,NA,NA,NA,NA,NA,NA,NA,NA,NA,NA,NA,NA,NA,NA,NA,NA,NA,NA,NA,NA,NA,NA,NA,NA,NA,NA,NA,NA,NA,NA,NA,NA,NA,NA,NA,NA,NA,NA,NA,NA,3.7066073266839,20.122376910421,4.54017650535437,4.83290476654015,5.89924965620936,4.68864514319821,11.3367744501423,13.2011111229245,1.92014131213799,3.03405750360405,8.5164358604385,6.61215956300853,6.21185265034691,23.6264455606929,11.7996115817243,19.7629458252937,12.6966055619743,6.56870537753293,7.84518179829024,3.93386924063308,29.778300383938,16.0818807751563,25.2742871439228,9.10594523527959,3.86539934544268,4.00847450525938,-1.77707409284637,-0.809062783174955,6.72666424422175,36.7741022559977,31.2664403079014,31.3387785180347,49.3301767013045,35.6786629645363,14.6502392928218,4.56344754072921,4.00570161445735,5.13944230391434,5.79170041096877,9.33912435532345
"Mel_aur",NA,NA,NA,NA,NA,NA,NA,NA,NA,NA,NA,NA,NA,NA,NA,NA,NA,NA,NA,NA,NA,NA,NA,NA,NA,NA,NA,NA,NA,NA,NA,NA,NA,NA,NA,NA,NA,NA,NA,NA,NA,NA,NA,NA,NA,NA,NA,NA,NA,NA,NA,NA,NA,17.3965235541291,-1.39064684865336,1.22415092827188,2.37625832089306,-1.78396279281349,4.31891561375343,10.3112685148932,0.712652195492277,-0.839524506141967,5.01320005183729,-2.20545432520691,-0.500866116677188,20.7903314721223,10.604914848611,16.0943327774397,7.32334975532566,4.02832266803711,5.31079660915791,1.39949900766261,27.2438366014886,13.5475105427026,22.7398199250335,6.57157500281966,2.43933137942721,3.75231376087273,2.77894860400818,0.880127183154021,4.16554904683319,34.2389050811503,28.7320700754477,28.8044082633471,46.7958064632749,33.1442927320826,12.0952746630399,2.86635763131983,1.07889410211135,2.34958565081221,3.09443449159727,6.33926894216014
"Mel_cac",NA,NA,NA,NA,NA,NA,NA,NA,NA,NA,NA,NA,NA,NA,NA,NA,NA,NA,NA,NA,NA,NA,NA,NA,NA,NA,NA,NA,NA,NA,NA,NA,NA,NA,NA,NA,NA,NA,NA,NA,NA,NA,NA,NA,NA,NA,NA,NA,NA,NA,NA,NA,NA,NA,18.837655190355,18.5394406508452,19.9771930582887,9.45295846150514,22.6622548799849,25.7424147389514,17.4489495049014,8.1524190774691,13.0455340974205,19.6731889045304,19.3256428795932,34.4811821591299,27.7896756313948,32.7558567764311,25.873634993637,19.2469726229992,20.8032599041886,16.8989800208954,42.7417214310668,29.0470621762201,37.9275254460437,22.0711213804939,18.9743965184393,20.3126397032544,18.8411730625688,17.0766350624055,5.98218951792705,24.4208367276955,44.2316217089652,44.3039599204899,62.295358057155,48.6438443656001,27.6502989763727,18.6137727189811,17.1141937745686,18.5465726494621,19.0663326474789,22.3620567495645
"Mel_car",NA,NA,NA,NA,NA,NA,NA,NA,NA,NA,NA,NA,NA,NA,NA,NA,NA,NA,NA,NA,NA,NA,NA,NA,NA,NA,NA,NA,NA,NA,NA,NA,NA,NA,NA,NA,NA,NA,NA,NA,NA,NA,NA,NA,NA,NA,NA,NA,NA,NA,NA,NA,NA,NA,NA,3.21898668898208,3.27006628139464,-3.15435096110614,8.84971218224061,12.153713061449,2.39424814164821,-2.12891185929413,5.28839116256488,-2.17786740443709,0.757653041403382,22.5333504486414,12.906476962476,18.322737703502,10.1426427046281,5.56261629347806,6.85292729337499,2.94163361552465,28.7861130457911,15.0896451518337,24.2817038584367,8.11370961191809,3.64162900820915,4.55606960741078,3.71362701729158,2.35730511089864,5.71043435286853,35.7801357914264,30.2742046845788,30.346542874125,48.3379410716524,34.6864273412136,13.6711744131015,4.50089014656701,3.08972935274562,4.42223253724471,4.97443443341122,8.34833580561184
"Mel_ery",NA,NA,NA,NA,NA,NA,NA,NA,NA,NA,NA,NA,NA,NA,NA,NA,NA,NA,NA,NA,NA,NA,NA,NA,NA,NA,NA,NA,NA,NA,NA,NA,NA,NA,NA,NA,NA,NA,NA,NA,NA,NA,NA,NA,NA,NA,NA,NA,NA,NA,NA,NA,NA,NA,NA,NA,-0.0621143715873993,2.44234561663241,9.96214363613063,6.61317226933135,0.726468667875348,1.64479248570663,7.09807642258904,4.58190635823756,5.01786170800729,22.192348686189,13.0228817388679,18.2141252109969,11.2490199084858,5.02353294013116,6.2997389927858,2.38842634830251,28.2329346236551,14.5364378825524,23.7288753496529,7.56050234267701,1.66000770403923,3.78299361603433,3.60059386162001,1.53048997334172,5.18120589320445,35.2285879665989,29.7209974152975,29.7933356268219,47.7847338035847,34.1332200719323,13.078636762291,3.39102549118406,1.186150608456,2.15542382090875,3.41468895537628,7.15531178887602
"Mel_fla",NA,NA,NA,NA,NA,NA,NA,NA,NA,NA,NA,NA,NA,NA,NA,NA,NA,NA,NA,NA,NA,NA,NA,NA,NA,NA,NA,NA,NA,NA,NA,NA,NA,NA,NA,NA,NA,NA,NA,NA,NA,NA,NA,NA,NA,NA,NA,NA,NA,NA,NA,NA,NA,NA,NA,NA,NA,3.55101980102344,11.3867996196233,12.3676812515144,1.75801738675652,2.5660296180819,7.96242807767072,5.58894857498294,6.74319467727788,23.6004843557489,14.4555141825409,19.5993201371965,12.5735116577495,6.42587953854803,7.70214944945428,3.79083700010457,29.6353452723901,15.9388485343565,25.131286909366,8.96291299448108,1.89709922746191,4.25148474725108,4.09951710943252,3.18103679246901,6.58362853700161,36.6310725448699,31.1234080671016,31.1957462785682,49.1871444518361,35.5356307237365,14.5250812188598,5.05169068263718,3.09360939191545,4.38640260547753,5.16702998398287,8.76962624316824
"Mel_for",NA,NA,NA,NA,NA,NA,NA,NA,NA,NA,NA,NA,NA,NA,NA,NA,NA,NA,NA,NA,NA,NA,NA,NA,NA,NA,NA,NA,NA,NA,NA,NA,NA,NA,NA,NA,NA,NA,NA,NA,NA,NA,NA,NA,NA,NA,NA,NA,NA,NA,NA,NA,NA,NA,NA,NA,NA,NA,7.8848119880077,11.0290757480956,1.91275986071716,0.434873524867762,5.84478386303203,-1.3581951544176,1.77853872508572,21.3003246045386,12.3360440602378,16.6185837459553,8.68444364328763,4.20142095107553,5.50267443956566,1.59146324381422,27.4359485256935,13.7394747814156,22.9314427244651,6.76353924146242,3.18869411782915,4.74921481378667,3.40267741171746,1.72935777985883,-2.18824231515013,34.4106898186669,28.9240343141606,28.9963725244216,46.9877706951221,33.3362569707955,12.3426891130875,3.30352402245739,1.80216687176451,3.22901342626886,3.75706540975158,7.05308695901884
"Mel_hof",NA,NA,NA,NA,NA,NA,NA,NA,NA,NA,NA,NA,NA,NA,NA,NA,NA,NA,NA,NA,NA,NA,NA,NA,NA,NA,NA,NA,NA,NA,NA,NA,NA,NA,NA,NA,NA,NA,NA,NA,NA,NA,NA,NA,NA,NA,NA,NA,NA,NA,NA,NA,NA,NA,NA,NA,NA,NA,NA,17.7870635453875,8.83824399834726,5.34226886546495,8.74440939306483,10.268505274981,1.19180277716341,20.6742280401382,14.2310594773674,23.3169634115149,14.7977133690214,10.913213071811,12.2422005284301,8.33093996110277,33.99386737584,20.478951637374,29.6693951172062,13.5030160966659,10.3889483755541,11.7141513443661,10.24168541321,8.31509956616803,5.53031631383479,41.1592342933682,35.6635111701191,35.7358490453468,53.7272475648992,40.075733826754,19.0821884381504,10.0456257429984,8.54607044713073,9.9783000707062,10.4980784803186,13.7939455387806
"Mel_lew",NA,NA,NA,NA,NA,NA,NA,NA,NA,NA,NA,NA,NA,NA,NA,NA,NA,NA,NA,NA,NA,NA,NA,NA,NA,NA,NA,NA,NA,NA,NA,NA,NA,NA,NA,NA,NA,NA,NA,NA,NA,NA,NA,NA,NA,NA,NA,NA,NA,NA,NA,NA,NA,NA,NA,NA,NA,NA,NA,NA,10.2997992587048,9.7467444310025,13.745871598503,13.1676885492771,13.3231235462189,29.8750197029592,21.0196322021593,26.0325170077333,19.1440804006145,12.8076122661681,14.0850404036441,10.1737277330652,36.0182360094934,22.3217392682953,31.378898703365,15.3458037284198,11.7855558927142,13.3155269451568,11.9684908884539,9.82529231647315,12.9665240470287,43.0139396198015,37.5062988010404,37.5786370125654,55.569631808443,41.9185214576752,20.9209995696722,11.6973872411866,10.168541639406,11.4667557914573,12.2610597328927,15.5838000518113
"Mel_puc",NA,NA,NA,NA,NA,NA,NA,NA,NA,NA,NA,NA,NA,NA,NA,NA,NA,NA,NA,NA,NA,NA,NA,NA,NA,NA,NA,NA,NA,NA,NA,NA,NA,NA,NA,NA,NA,NA,NA,NA,NA,NA,NA,NA,NA,NA,NA,NA,NA,NA,NA,NA,NA,NA,NA,NA,NA,NA,NA,NA,NA,0.17102432224697,5.8938669111022,4.10626404932531,4.09502593581068,21.0725175744414,11.744010137513,17.116789851592,10.1852991631489,3.89355083261455,5.16973267032332,1.25841979951567,27.1029280779585,13.4064313337637,22.5988717792909,6.43049579388834,-2.33337979859143,2.22605571540662,-0.389821576820806,0.228858412575397,4.0512334195539,34.0986722249408,28.5909908665088,28.6633290780337,46.6547272612061,33.0032135231436,10.3236713631252,0.711117957931509,-2.04789663902103,-0.978393076583502,0.0397266180884273,3.03369297698953
"Mel_pyg",NA,NA,NA,NA,NA,NA,NA,NA,NA,NA,NA,NA,NA,NA,NA,NA,NA,NA,NA,NA,NA,NA,NA,NA,NA,NA,NA,NA,NA,NA,NA,NA,NA,NA,NA,NA,NA,NA,NA,NA,NA,NA,NA,NA,NA,NA,NA,NA,NA,NA,NA,NA,NA,NA,NA,NA,NA,NA,NA,NA,NA,NA,-1.95759991191885,1.95928190553967,-2.72835860637473,13.6522191185147,10.8359196621541,16.1313536770546,9.01479231695672,2.23229877279594,4.27485174540177,0.367133836240025,26.2114689077845,12.515151244018,18.7982762406236,5.53921544661455,1.33502391042925,3.48965854036531,1.69889573948847,-1.09653149505524,2.4530795560495,32.6414527429815,27.6997107767631,27.7720489876211,45.7634470478311,32.1119334333979,11.1183225898463,2.0763432187433,0.575672296547557,1.99891884272388,2.5279448883951,5.82793808263319
"Mel_rad",NA,NA,NA,NA,NA,NA,NA,NA,NA,NA,NA,NA,NA,NA,NA,NA,NA,NA,NA,NA,NA,NA,NA,NA,NA,NA,NA,NA,NA,NA,NA,NA,NA,NA,NA,NA,NA,NA,NA,NA,NA,NA,NA,NA,NA,NA,NA,NA,NA,NA,NA,NA,NA,NA,NA,NA,NA,NA,NA,NA,NA,NA,NA,6.91591696320963,5.2991447830406,7.93629396202598,16.1844844081184,21.1846833013326,14.0163014888915,2.50848565440051,9.40070520250785,5.49545892106534,31.3339090764433,17.6439243350947,23.4460373313352,10.667987197083,7.33657875677546,8.76769255850134,7.24648662772365,5.09486083439653,7.31342837431453,38.0491391336852,32.8284838678398,32.9008220732003,50.892193839806,37.2407065244747,16.2471540481133,7.21005802096371,5.71012305120822,7.14029771984225,7.66274223485739,10.9575612194876
"Mel_sup",NA,NA,NA,NA,NA,NA,NA,NA,NA,NA,NA,NA,NA,NA,NA,NA,NA,NA,NA,NA,NA,NA,NA,NA,NA,NA,NA,NA,NA,NA,NA,NA,NA,NA,NA,NA,NA,NA,NA,NA,NA,NA,NA,NA,NA,NA,NA,NA,NA,NA,NA,NA,NA,NA,NA,NA,NA,NA,NA,NA,NA,NA,NA,NA,4.05358049048267,23.3986546078621,13.6759422100976,15.8064307760045,6.34673602725627,6.37327379305442,7.66773347350256,3.75644658089067,29.6009011505188,15.904458116067,25.0968229892043,8.92852257618014,5.57479362111073,6.88542759448918,5.57936084891603,3.78927015822434,6.38600691789263,36.5962319528296,31.0890176488121,31.1613539065765,49.1527540409338,35.501240305447,14.5076934623593,5.47029049746903,3.96980441498819,5.40043164723638,5.91560981575068,9.2188942457818
"Mel_uro",NA,NA,NA,NA,NA,NA,NA,NA,NA,NA,NA,NA,NA,NA,NA,NA,NA,NA,NA,NA,NA,NA,NA,NA,NA,NA,NA,NA,NA,NA,NA,NA,NA,NA,NA,NA,NA,NA,NA,NA,NA,NA,NA,NA,NA,NA,NA,NA,NA,NA,NA,NA,NA,NA,NA,NA,NA,NA,NA,NA,NA,NA,NA,NA,NA,23.0611184411039,11.9802867533409,19.2285954217268,10.8422820419015,6.57049808866071,7.86033526683191,3.9490353635485,29.7923892639914,16.0970469011513,25.2891395698597,9.12111136118929,5.7192678313834,7.11899254092078,5.67135308347275,3.15470005251254,6.05937787122835,36.7830383575524,31.2816064338963,31.3539445615991,49.3453428286922,35.6938290905312,14.7002596516076,5.65616267452485,4.1605136596165,5.58171402303949,6.10692375413981,9.41177781933409
"Mic_bra",NA,NA,NA,NA,NA,NA,NA,NA,NA,NA,NA,NA,NA,NA,NA,NA,NA,NA,NA,NA,NA,NA,NA,NA,NA,NA,NA,NA,NA,NA,NA,NA,NA,NA,NA,NA,NA,NA,NA,NA,NA,NA,NA,NA,NA,NA,NA,NA,NA,NA,NA,NA,NA,NA,NA,NA,NA,NA,NA,NA,NA,NA,NA,NA,NA,NA,30.8275786367186,36.0666169294358,29.1295162110594,16.6125557716479,24.3830861830381,20.5172344045157,44.4135764028786,32.6720882979188,40.8105220705091,25.6961479671783,22.5971263801178,23.9266220045446,22.4331774277847,20.6501756196099,13.6441941789677,53.3103113744549,47.8566478306639,47.9289853362467,65.9203702298615,52.2688704872988,31.2753251178825,22.2387921564524,20.739229501409,22.1715930029514,22.6913609775384,25.9870828511012
"Pico_arc",NA,NA,NA,NA,NA,NA,NA,NA,NA,NA,NA,NA,NA,NA,NA,NA,NA,NA,NA,NA,NA,NA,NA,NA,NA,NA,NA,NA,NA,NA,NA,NA,NA,NA,NA,NA,NA,NA,NA,NA,NA,NA,NA,NA,NA,NA,NA,NA,NA,NA,NA,NA,NA,NA,NA,NA,NA,NA,NA,NA,NA,NA,NA,NA,NA,NA,NA,26.5953347999887,17.2527909041837,14.2465250415256,15.5235202969091,11.6122085030092,37.4204248365507,23.7602200379431,32.9526443843128,16.7842844980664,13.4620045449138,14.3607021594518,12.9226567553982,9.92238941580879,14.4027058050079,44.4522387718081,38.9447795706882,39.0171173811288,57.0085159654715,43.3570022273231,22.3633171714209,13.3041917601089,11.8223710544326,13.2475550544711,13.7716721952116,17.0749159787346
"Pico_dor",NA,NA,NA,NA,NA,NA,NA,NA,NA,NA,NA,NA,NA,NA,NA,NA,NA,NA,NA,NA,NA,NA,NA,NA,NA,NA,NA,NA,NA,NA,NA,NA,NA,NA,NA,NA,NA,NA,NA,NA,NA,NA,NA,NA,NA,NA,NA,NA,NA,NA,NA,NA,NA,NA,NA,NA,NA,NA,NA,NA,NA,NA,NA,NA,NA,NA,NA,NA,7.39091346195156,19.1971470618059,20.4794736192784,16.5682089097117,42.3949987556791,28.7162204445993,37.9086610112673,21.7402849047184,18.6398901806775,19.9686685725603,18.5072559149197,16.7408464497539,19.3417945884036,49.4067144818122,43.9007799773444,43.9512440722109,61.9645163718293,48.3130026339793,27.3194572838804,18.2829101159402,16.7833524744413,18.215723026076,18.735459931661,22.0312142437927
"Pico_tri",NA,NA,NA,NA,NA,NA,NA,NA,NA,NA,NA,NA,NA,NA,NA,NA,NA,NA,NA,NA,NA,NA,NA,NA,NA,NA,NA,NA,NA,NA,NA,NA,NA,NA,NA,NA,NA,NA,NA,NA,NA,NA,NA,NA,NA,NA,NA,NA,NA,NA,NA,NA,NA,NA,NA,NA,NA,NA,NA,NA,NA,NA,NA,NA,NA,NA,NA,NA,NA,12.312811851797,13.6045783601519,9.69330676538629,35.5226476113223,21.8413183012241,31.0337527471202,14.8653827613329,11.7045466738489,13.0016712736494,11.58379288547,9.64515824620483,12.4065584116515,42.5319862498189,37.0258778339692,37.0951379682361,55.0896142286304,41.4381004906041,20.4445360894892,11.4054069251179,9.9075814752119,11.3392486474993,11.8595356716702,15.1562643291944
"Picum_aur",NA,NA,NA,NA,NA,NA,NA,NA,NA,NA,NA,NA,NA,NA,NA,NA,NA,NA,NA,NA,NA,NA,NA,NA,NA,NA,NA,NA,NA,NA,NA,NA,NA,NA,NA,NA,NA,NA,NA,NA,NA,NA,NA,NA,NA,NA,NA,NA,NA,NA,NA,NA,NA,NA,NA,NA,NA,NA,NA,NA,NA,NA,NA,NA,NA,NA,NA,NA,NA,NA,5.83867445645291,-3.26487348533321,29.1874875943335,15.4910464567041,-18.4825868495362,8.51257473031793,5.41869343940643,6.75684004822285,5.28567185500154,3.55662069530415,-10.4970613340998,30.770810521853,30.675606368631,30.747944580156,48.5831398831606,35.0878290252658,14.0942836846397,5.05778816741176,3.55819219101507,4.99058090708559,5.5103210596531,8.80604173139054
"Picum_cir",NA,NA,NA,NA,NA,NA,NA,NA,NA,NA,NA,NA,NA,NA,NA,NA,NA,NA,NA,NA,NA,NA,NA,NA,NA,NA,NA,NA,NA,NA,NA,NA,NA,NA,NA,NA,NA,NA,NA,NA,NA,NA,NA,NA,NA,NA,NA,NA,NA,NA,NA,NA,NA,NA,NA,NA,NA,NA,NA,NA,NA,NA,NA,NA,NA,NA,NA,NA,NA,NA,NA,-13.8556381684585,30.4503760645258,16.7670164235002,13.4958265612531,5.73330062071354,6.69487614835374,8.03302301041338,6.56188901102968,4.83470043564525,7.40039937017784,18.0792596138159,31.9517862335562,32.0241244450812,50.0155209099849,36.3640088901911,15.3704635495653,6.33396803970176,4.83437205763943,6.26676077741685,6.78650092478379,10.0822215963941
"Picum_exi",NA,NA,NA,NA,NA,NA,NA,NA,NA,NA,NA,NA,NA,NA,NA,NA,NA,NA,NA,NA,NA,NA,NA,NA,NA,NA,NA,NA,NA,NA,NA,NA,NA,NA,NA,NA,NA,NA,NA,NA,NA,NA,NA,NA,NA,NA,NA,NA,NA,NA,NA,NA,NA,NA,NA,NA,NA,NA,NA,NA,NA,NA,NA,NA,NA,NA,NA,NA,NA,NA,NA,NA,26.5524105555444,-22.6306715539008,6.32905277112874,-42.6907288780248,2.78356327765978,4.12171013793575,2.65057616086295,0.92342679975677,3.49819596989495,33.282320540138,28.0404733591291,28.1128115706491,46.0947934689325,32.4526960157636,11.4591506751382,2.42265516533571,0.923059183241815,2.35544790302503,2.87518805035941,6.17090872196776
"Picum_inn",NA,NA,NA,NA,NA,NA,NA,NA,NA,NA,NA,NA,NA,NA,NA,NA,NA,NA,NA,NA,NA,NA,NA,NA,NA,NA,NA,NA,NA,NA,NA,NA,NA,NA,NA,NA,NA,NA,NA,NA,NA,NA,NA,NA,NA,NA,NA,NA,NA,NA,NA,NA,NA,NA,NA,NA,NA,NA,NA,NA,NA,NA,NA,NA,NA,NA,NA,NA,NA,NA,NA,NA,NA,38.7004221081763,47.8928627311756,31.7244865682774,28.6280715509091,29.9662181617353,28.4950824948591,26.7679408937077,29.3180978104694,59.3925984305055,53.8849816409213,53.9572538336022,71.9487180357365,58.2972042975562,37.3036589569304,28.2671634471132,26.767567465034,28.1999561848163,28.7196963321517,32.01541700376
"Picum_neb",NA,NA,NA,NA,NA,NA,NA,NA,NA,NA,NA,NA,NA,NA,NA,NA,NA,NA,NA,NA,NA,NA,NA,NA,NA,NA,NA,NA,NA,NA,NA,NA,NA,NA,NA,NA,NA,NA,NA,NA,NA,NA,NA,NA,NA,NA,NA,NA,NA,NA,NA,NA,NA,NA,NA,NA,NA,NA,NA,NA,NA,NA,NA,NA,NA,NA,NA,NA,NA,NA,NA,NA,NA,NA,34.1963564336146,12.5955826065852,14.9315748119077,16.2697216721838,14.798587695129,13.0714512798712,15.6487278006301,45.6961675892231,40.188484661106,40.2607456856788,57.551450732313,32.0897786091854,23.607162209386,14.5706666995836,13.0710707174897,14.5034594372729,15.0231995846073,18.3189202562156
"Picum_ruf",NA,NA,NA,NA,NA,NA,NA,NA,NA,NA,NA,NA,NA,NA,NA,NA,NA,NA,NA,NA,NA,NA,NA,NA,NA,NA,NA,NA,NA,NA,NA,NA,NA,NA,NA,NA,NA,NA,NA,NA,NA,NA,NA,NA,NA,NA,NA,NA,NA,NA,NA,NA,NA,NA,NA,NA,NA,NA,NA,NA,NA,NA,NA,NA,NA,NA,NA,NA,NA,NA,NA,NA,NA,NA,NA,23.3686952632689,24.1240155163695,25.4621623083675,23.9910181134602,22.2637741703052,24.344534946366,54.8282131667647,49.3809259373346,49.4532641488596,63.3770767021139,53.7931485939695,32.7996032533416,23.7631077383033,22.2635117603144,23.6959004749311,24.2156406282933,27.5113613000663
"Picum_tem",NA,NA,NA,NA,NA,NA,NA,NA,NA,NA,NA,NA,NA,NA,NA,NA,NA,NA,NA,NA,NA,NA,NA,NA,NA,NA,NA,NA,NA,NA,NA,NA,NA,NA,NA,NA,NA,NA,NA,NA,NA,NA,NA,NA,NA,NA,NA,NA,NA,NA,NA,NA,NA,NA,NA,NA,NA,NA,NA,NA,NA,NA,NA,NA,NA,NA,NA,NA,NA,NA,NA,NA,NA,NA,NA,NA,7.95563927203239,9.29378613230847,7.82265215525356,6.0955157264525,8.65163083082048,34.2686897914225,33.2125493535016,33.2848875646545,51.2352514732509,37.6247720101364,16.6312266695107,7.59473115970825,6.09513517761435,7.52752389739757,8.04726404473194,11.3429847163403
"Picus_awo",NA,NA,NA,NA,NA,NA,NA,NA,NA,NA,NA,NA,NA,NA,NA,NA,NA,NA,NA,NA,NA,NA,NA,NA,NA,NA,NA,NA,NA,NA,NA,NA,NA,NA,NA,NA,NA,NA,NA,NA,NA,NA,NA,NA,NA,NA,NA,NA,NA,NA,NA,NA,NA,NA,NA,NA,NA,NA,NA,NA,NA,NA,NA,NA,NA,NA,NA,NA,NA,NA,NA,NA,NA,NA,NA,NA,NA,2.80533986679139,0.910618566651011,2.01208018422071,5.57637616974069,35.6238159645817,30.1161343446528,30.1884725561768,48.1798707394379,34.5283570012877,13.3035839801082,2.90963726003696,1.56122548522145,2.06243508907885,3.42360411902439,7.31931958090968
"Picus_can",NA,NA,NA,NA,NA,NA,NA,NA,NA,NA,NA,NA,NA,NA,NA,NA,NA,NA,NA,NA,NA,NA,NA,NA,NA,NA,NA,NA,NA,NA,NA,NA,NA,NA,NA,NA,NA,NA,NA,NA,NA,NA,NA,NA,NA,NA,NA,NA,NA,NA,NA,NA,NA,NA,NA,NA,NA,NA,NA,NA,NA,NA,NA,NA,NA,NA,NA,NA,NA,NA,NA,NA,NA,NA,NA,NA,NA,NA,1.25239186650493,3.08767950960793,6.91452382756456,36.9619638374562,31.4542812049289,31.526619416443,49.5180175990586,35.8665038615638,14.7804482442822,4.29394485737404,4.07886409048543,4.91122834806057,5.67952232794144,9.20226361531216
"Picus_vai",NA,NA,NA,NA,NA,NA,NA,NA,NA,NA,NA,NA,NA,NA,NA,NA,NA,NA,NA,NA,NA,NA,NA,NA,NA,NA,NA,NA,NA,NA,NA,NA,NA,NA,NA,NA,NA,NA,NA,NA,NA,NA,NA,NA,NA,NA,NA,NA,NA,NA,NA,NA,NA,NA,NA,NA,NA,NA,NA,NA,NA,NA,NA,NA,NA,NA,NA,NA,NA,NA,NA,NA,NA,NA,NA,NA,NA,NA,NA,0.03224458376439,5.44338894782912,35.4908283480768,29.9831472278741,30.05548543938,48.0468836215477,34.3953698845089,13.2858126831039,2.80792049344011,2.60024401491565,3.47898571691562,4.33502580224367,7.90985717387449
"Picus_vir",NA,NA,NA,NA,NA,NA,NA,NA,NA,NA,NA,NA,NA,NA,NA,NA,NA,NA,NA,NA,NA,NA,NA,NA,NA,NA,NA,NA,NA,NA,NA,NA,NA,NA,NA,NA,NA,NA,NA,NA,NA,NA,NA,NA,NA,NA,NA,NA,NA,NA,NA,NA,NA,NA,NA,NA,NA,NA,NA,NA,NA,NA,NA,NA,NA,NA,NA,NA,NA,NA,NA,NA,NA,NA,NA,NA,NA,NA,NA,NA,3.71620762906456,27.4112416238013,28.2560108126163,28.3283490223528,46.3197471659553,32.6682334692511,11.4161599952375,1.16269089074451,0.582269909635236,1.75631584382548,2.47328745868897,6.23208759999446
"Sas_abn",NA,NA,NA,NA,NA,NA,NA,NA,NA,NA,NA,NA,NA,NA,NA,NA,NA,NA,NA,NA,NA,NA,NA,NA,NA,NA,NA,NA,NA,NA,NA,NA,NA,NA,NA,NA,NA,NA,NA,NA,NA,NA,NA,NA,NA,NA,NA,NA,NA,NA,NA,NA,NA,NA,NA,NA,NA,NA,NA,NA,NA,NA,NA,NA,NA,NA,NA,NA,NA,NA,NA,NA,NA,NA,NA,NA,NA,NA,NA,NA,NA,35.8188415963046,30.8332873333753,30.9056255447177,48.8970237167282,35.2455099900101,14.2519646493843,5.21546913927943,3.71587315729791,5.14826187669184,5.66800202460005,8.96372269621297
"Sas_och",NA,NA,NA,NA,NA,NA,NA,NA,NA,NA,NA,NA,NA,NA,NA,NA,NA,NA,NA,NA,NA,NA,NA,NA,NA,NA,NA,NA,NA,NA,NA,NA,NA,NA,NA,NA,NA,NA,NA,NA,NA,NA,NA,NA,NA,NA,NA,NA,NA,NA,NA,NA,NA,NA,NA,NA,NA,NA,NA,NA,NA,NA,NA,NA,NA,NA,NA,NA,NA,NA,NA,NA,NA,NA,NA,NA,NA,NA,NA,NA,NA,NA,60.8807271422328,60.9530653536723,78.9444589517012,65.2929497988677,44.2994044582396,35.2629089064648,33.763312944219,35.1957016701673,35.7154418319433,39.0111625047929
"Sph_nuc",NA,NA,NA,NA,NA,NA,NA,NA,NA,NA,NA,NA,NA,NA,NA,NA,NA,NA,NA,NA,NA,NA,NA,NA,NA,NA,NA,NA,NA,NA,NA,NA,NA,NA,NA,NA,NA,NA,NA,NA,NA,NA,NA,NA,NA,NA,NA,NA,NA,NA,NA,NA,NA,NA,NA,NA,NA,NA,NA,NA,NA,NA,NA,NA,NA,NA,NA,NA,NA,NA,NA,NA,NA,NA,NA,NA,NA,NA,NA,NA,NA,NA,NA,30.4771389045268,73.435713536967,33.7677854022626,38.7917217421311,29.7552262323287,28.2556302502348,29.688018970018,30.2077591173524,33.5034797889607
"Sph_rub",NA,NA,NA,NA,NA,NA,NA,NA,NA,NA,NA,NA,NA,NA,NA,NA,NA,NA,NA,NA,NA,NA,NA,NA,NA,NA,NA,NA,NA,NA,NA,NA,NA,NA,NA,NA,NA,NA,NA,NA,NA,NA,NA,NA,NA,NA,NA,NA,NA,NA,NA,NA,NA,NA,NA,NA,NA,NA,NA,NA,NA,NA,NA,NA,NA,NA,NA,NA,NA,NA,NA,NA,NA,NA,NA,NA,NA,NA,NA,NA,NA,NA,NA,NA,73.4962164959183,54.6483891692986,38.8640599536561,29.8275644438537,28.3279684617598,29.760357181543,30.2800973288774,33.5758180004857
"Sph_thy",NA,NA,NA,NA,NA,NA,NA,NA,NA,NA,NA,NA,NA,NA,NA,NA,NA,NA,NA,NA,NA,NA,NA,NA,NA,NA,NA,NA,NA,NA,NA,NA,NA,NA,NA,NA,NA,NA,NA,NA,NA,NA,NA,NA,NA,NA,NA,NA,NA,NA,NA,NA,NA,NA,NA,NA,NA,NA,NA,NA,NA,NA,NA,NA,NA,NA,NA,NA,NA,NA,NA,NA,NA,NA,NA,NA,NA,NA,NA,NA,NA,NA,NA,NA,NA,77.8490018321911,56.8554581369462,47.8189626271189,46.3193666450299,47.7517553647589,48.2714955121487,51.5672161836973
"Sph_var",NA,NA,NA,NA,NA,NA,NA,NA,NA,NA,NA,NA,NA,NA,NA,NA,NA,NA,NA,NA,NA,NA,NA,NA,NA,NA,NA,NA,NA,NA,NA,NA,NA,NA,NA,NA,NA,NA,NA,NA,NA,NA,NA,NA,NA,NA,NA,NA,NA,NA,NA,NA,NA,NA,NA,NA,NA,NA,NA,NA,NA,NA,NA,NA,NA,NA,NA,NA,NA,NA,NA,NA,NA,NA,NA,NA,NA,NA,NA,NA,NA,NA,NA,NA,NA,NA,43.203944398766,34.1674488889635,32.6678529068696,34.1002416266529,34.6199817739872,37.9157024455956
"Ven_aff",NA,NA,NA,NA,NA,NA,NA,NA,NA,NA,NA,NA,NA,NA,NA,NA,NA,NA,NA,NA,NA,NA,NA,NA,NA,NA,NA,NA,NA,NA,NA,NA,NA,NA,NA,NA,NA,NA,NA,NA,NA,NA,NA,NA,NA,NA,NA,NA,NA,NA,NA,NA,NA,NA,NA,NA,NA,NA,NA,NA,NA,NA,NA,NA,NA,NA,NA,NA,NA,NA,NA,NA,NA,NA,NA,NA,NA,NA,NA,NA,NA,NA,NA,NA,NA,NA,NA,6.79457578371225,5.24553103745671,7.20307302656392,-1.94088637740248,9.98494091832753
"Ven_cal",NA,NA,NA,NA,NA,NA,NA,NA,NA,NA,NA,NA,NA,NA,NA,NA,NA,NA,NA,NA,NA,NA,NA,NA,NA,NA,NA,NA,NA,NA,NA,NA,NA,NA,NA,NA,NA,NA,NA,NA,NA,NA,NA,NA,NA,NA,NA,NA,NA,NA,NA,NA,NA,NA,NA,NA,NA,NA,NA,NA,NA,NA,NA,NA,NA,NA,NA,NA,NA,NA,NA,NA,NA,NA,NA,NA,NA,NA,NA,NA,NA,NA,NA,NA,NA,NA,NA,NA,-4.49408386056855,-1.95216895041764,-1.27653894493305,4.97783011426216
"Ven_cas",NA,NA,NA,NA,NA,NA,NA,NA,NA,NA,NA,NA,NA,NA,NA,NA,NA,NA,NA,NA,NA,NA,NA,NA,NA,NA,NA,NA,NA,NA,NA,NA,NA,NA,NA,NA,NA,NA,NA,NA,NA,NA,NA,NA,NA,NA,NA,NA,NA,NA,NA,NA,NA,NA,NA,NA,NA,NA,NA,NA,NA,NA,NA,NA,NA,NA,NA,NA,NA,NA,NA,NA,NA,NA,NA,NA,NA,NA,NA,NA,NA,NA,NA,NA,NA,NA,NA,NA,NA,-5.22579854612111,-5.29185298832716,-1.58575423008579
"Ven_nig",NA,NA,NA,NA,NA,NA,NA,NA,NA,NA,NA,NA,NA,NA,NA,NA,NA,NA,NA,NA,NA,NA,NA,NA,NA,NA,NA,NA,NA,NA,NA,NA,NA,NA,NA,NA,NA,NA,NA,NA,NA,NA,NA,NA,NA,NA,NA,NA,NA,NA,NA,NA,NA,NA,NA,NA,NA,NA,NA,NA,NA,NA,NA,NA,NA,NA,NA,NA,NA,NA,NA,NA,NA,NA,NA,NA,NA,NA,NA,NA,NA,NA,NA,NA,NA,NA,NA,NA,NA,NA,-3.13116610668896,0.51878507539472
"Ven_pas",NA,NA,NA,NA,NA,NA,NA,NA,NA,NA,NA,NA,NA,NA,NA,NA,NA,NA,NA,NA,NA,NA,NA,NA,NA,NA,NA,NA,NA,NA,NA,NA,NA,NA,NA,NA,NA,NA,NA,NA,NA,NA,NA,NA,NA,NA,NA,NA,NA,NA,NA,NA,NA,NA,NA,NA,NA,NA,NA,NA,NA,NA,NA,NA,NA,NA,NA,NA,NA,NA,NA,NA,NA,NA,NA,NA,NA,NA,NA,NA,NA,NA,NA,NA,NA,NA,NA,NA,NA,NA,NA,-2.30098531222474
"Ven_spi",NA,NA,NA,NA,NA,NA,NA,NA,NA,NA,NA,NA,NA,NA,NA,NA,NA,NA,NA,NA,NA,NA,NA,NA,NA,NA,NA,NA,NA,NA,NA,NA,NA,NA,NA,NA,NA,NA,NA,NA,NA,NA,NA,NA,NA,NA,NA,NA,NA,NA,NA,NA,NA,NA,NA,NA,NA,NA,NA,NA,NA,NA,NA,NA,NA,NA,NA,NA,NA,NA,NA,NA,NA,NA,NA,NA,NA,NA,NA,NA,NA,NA,NA,NA,NA,NA,NA,NA,NA,NA,NA,NA
